OBEC,OBEC_CLEAN,Indicator,Years,Region and municipalities-Region,Region and municipalities-Municipality,Hodnota
Aš,Aš,Population as at 31. 12.,2022,Karlovarský kraj,Aš,12804
Aš,Aš,Population as at 31. 12.,2021,Karlovarský kraj,Aš,12483
Aš,Aš,Population as at 31. 12.,2020,Karlovarský kraj,Aš,13105
Aš,Aš,Population as at 31. 12.,2019,Karlovarský kraj,Aš,13182
Aš,Aš,Population as at 31. 12.,2018,Karlovarský kraj,Aš,13210
Aš,Aš,Population as at 31. 12.,2017,Karlovarský kraj,Aš,13245
Aš,Aš,Population as at 31. 12.,2016,Karlovarský kraj,Aš,13227
Aš,Aš,Population as at 31. 12.,2015,Karlovarský kraj,Aš,13190
Aš,Aš,Population as at 31. 12.,2014,Karlovarský kraj,Aš,13204
Aš,Aš,Population as at 31. 12.,2013,Karlovarský kraj,Aš,13163
Aš,Aš,Population as at 31. 12.,2012,Karlovarský kraj,Aš,13076
Aš,Aš,Population as at 31. 12.,2011,Karlovarský kraj,Aš,13054
Aš,Aš,Population as at 31. 12.,2010,Karlovarský kraj,Aš,13413
Aš,Aš,Population as at 31. 12.,2009,Karlovarský kraj,Aš,13412
Aš,Aš,Population as at 31. 12.,2008,Karlovarský kraj,Aš,13373
Aš,Aš,Population as at 31. 12.,2007,Karlovarský kraj,Aš,13261
Aš,Aš,Population as at 31. 12.,2006,Karlovarský kraj,Aš,12957
Aš,Aš,Population as at 31. 12.,2005,Karlovarský kraj,Aš,12840
Aš,Aš,Population as at 31. 12.,2004,Karlovarský kraj,Aš,12814
Aš,Aš,Population as at 31. 12.,2003,Karlovarský kraj,Aš,12866
Aš,Aš,Population as at 31. 12.,2002,Karlovarský kraj,Aš,12676
Aš,Aš,Population as at 31. 12.,2001,Karlovarský kraj,Aš,12582
Aš,Aš,Population as at 31. 12.,2000,Karlovarský kraj,Aš,12260
Bečov Nad Teplou,Bečov Nad Teplou,Population as at 31. 12.,2022,Karlovarský kraj,Bečov nad Teplou,935
Bečov Nad Teplou,Bečov Nad Teplou,Population as at 31. 12.,2021,Karlovarský kraj,Bečov nad Teplou,918
Bečov Nad Teplou,Bečov Nad Teplou,Population as at 31. 12.,2020,Karlovarský kraj,Bečov nad Teplou,954
Bečov Nad Teplou,Bečov Nad Teplou,Population as at 31. 12.,2019,Karlovarský kraj,Bečov nad Teplou,942
Bečov Nad Teplou,Bečov Nad Teplou,Population as at 31. 12.,2018,Karlovarský kraj,Bečov nad Teplou,934
Bečov Nad Teplou,Bečov Nad Teplou,Population as at 31. 12.,2017,Karlovarský kraj,Bečov nad Teplou,933
Bečov Nad Teplou,Bečov Nad Teplou,Population as at 31. 12.,2016,Karlovarský kraj,Bečov nad Teplou,950
Bečov Nad Teplou,Bečov Nad Teplou,Population as at 31. 12.,2015,Karlovarský kraj,Bečov nad Teplou,942
Bečov Nad Teplou,Bečov Nad Teplou,Population as at 31. 12.,2014,Karlovarský kraj,Bečov nad Teplou,954
Bečov Nad Teplou,Bečov Nad Teplou,Population as at 31. 12.,2013,Karlovarský kraj,Bečov nad Teplou,955
Bečov Nad Teplou,Bečov Nad Teplou,Population as at 31. 12.,2012,Karlovarský kraj,Bečov nad Teplou,965
Bečov Nad Teplou,Bečov Nad Teplou,Population as at 31. 12.,2011,Karlovarský kraj,Bečov nad Teplou,988
Bečov Nad Teplou,Bečov Nad Teplou,Population as at 31. 12.,2010,Karlovarský kraj,Bečov nad Teplou,1021
Bečov Nad Teplou,Bečov Nad Teplou,Population as at 31. 12.,2009,Karlovarský kraj,Bečov nad Teplou,1003
Bečov Nad Teplou,Bečov Nad Teplou,Population as at 31. 12.,2008,Karlovarský kraj,Bečov nad Teplou,986
Bečov Nad Teplou,Bečov Nad Teplou,Population as at 31. 12.,2007,Karlovarský kraj,Bečov nad Teplou,989
Bečov Nad Teplou,Bečov Nad Teplou,Population as at 31. 12.,2006,Karlovarský kraj,Bečov nad Teplou,989
Bečov Nad Teplou,Bečov Nad Teplou,Population as at 31. 12.,2005,Karlovarský kraj,Bečov nad Teplou,984
Bečov Nad Teplou,Bečov Nad Teplou,Population as at 31. 12.,2004,Karlovarský kraj,Bečov nad Teplou,973
Bečov Nad Teplou,Bečov Nad Teplou,Population as at 31. 12.,2003,Karlovarský kraj,Bečov nad Teplou,976
Bečov Nad Teplou,Bečov Nad Teplou,Population as at 31. 12.,2002,Karlovarský kraj,Bečov nad Teplou,988
Bečov Nad Teplou,Bečov Nad Teplou,Population as at 31. 12.,2001,Karlovarský kraj,Bečov nad Teplou,990
Bečov Nad Teplou,Bečov Nad Teplou,Population as at 31. 12.,2000,Karlovarský kraj,Bečov nad Teplou,998
Bochov,Bochov,Population as at 31. 12.,2022,Karlovarský kraj,Bochov,1909
Bochov,Bochov,Population as at 31. 12.,2021,Karlovarský kraj,Bochov,1908
Bochov,Bochov,Population as at 31. 12.,2020,Karlovarský kraj,Bochov,1945
Bochov,Bochov,Population as at 31. 12.,2019,Karlovarský kraj,Bochov,1983
Bochov,Bochov,Population as at 31. 12.,2018,Karlovarský kraj,Bochov,1980
Bochov,Bochov,Population as at 31. 12.,2017,Karlovarský kraj,Bochov,1989
Bochov,Bochov,Population as at 31. 12.,2016,Karlovarský kraj,Bochov,2042
Bochov,Bochov,Population as at 31. 12.,2015,Karlovarský kraj,Bochov,2023
Bochov,Bochov,Population as at 31. 12.,2014,Karlovarský kraj,Bochov,2015
Bochov,Bochov,Population as at 31. 12.,2013,Karlovarský kraj,Bochov,2002
Bochov,Bochov,Population as at 31. 12.,2012,Karlovarský kraj,Bochov,2034
Bochov,Bochov,Population as at 31. 12.,2011,Karlovarský kraj,Bochov,2070
Bochov,Bochov,Population as at 31. 12.,2010,Karlovarský kraj,Bochov,2070
Bochov,Bochov,Population as at 31. 12.,2009,Karlovarský kraj,Bochov,2060
Bochov,Bochov,Population as at 31. 12.,2008,Karlovarský kraj,Bochov,2036
Bochov,Bochov,Population as at 31. 12.,2007,Karlovarský kraj,Bochov,2031
Bochov,Bochov,Population as at 31. 12.,2006,Karlovarský kraj,Bochov,1978
Bochov,Bochov,Population as at 31. 12.,2005,Karlovarský kraj,Bochov,1973
Bochov,Bochov,Population as at 31. 12.,2004,Karlovarský kraj,Bochov,1986
Bochov,Bochov,Population as at 31. 12.,2003,Karlovarský kraj,Bochov,1973
Bochov,Bochov,Population as at 31. 12.,2002,Karlovarský kraj,Bochov,1965
Bochov,Bochov,Population as at 31. 12.,2001,Karlovarský kraj,Bochov,1959
Bochov,Bochov,Population as at 31. 12.,2000,Karlovarský kraj,Bochov,1941
Božičany,Božičany,Population as at 31. 12.,2022,Karlovarský kraj,Božičany,676
Božičany,Božičany,Population as at 31. 12.,2021,Karlovarský kraj,Božičany,603
Božičany,Božičany,Population as at 31. 12.,2020,Karlovarský kraj,Božičany,612
Božičany,Božičany,Population as at 31. 12.,2019,Karlovarský kraj,Božičany,630
Božičany,Božičany,Population as at 31. 12.,2018,Karlovarský kraj,Božičany,636
Božičany,Božičany,Population as at 31. 12.,2017,Karlovarský kraj,Božičany,641
Božičany,Božičany,Population as at 31. 12.,2016,Karlovarský kraj,Božičany,603
Božičany,Božičany,Population as at 31. 12.,2015,Karlovarský kraj,Božičany,604
Božičany,Božičany,Population as at 31. 12.,2014,Karlovarský kraj,Božičany,605
Božičany,Božičany,Population as at 31. 12.,2013,Karlovarský kraj,Božičany,611
Božičany,Božičany,Population as at 31. 12.,2012,Karlovarský kraj,Božičany,637
Božičany,Božičany,Population as at 31. 12.,2011,Karlovarský kraj,Božičany,626
Božičany,Božičany,Population as at 31. 12.,2010,Karlovarský kraj,Božičany,619
Božičany,Božičany,Population as at 31. 12.,2009,Karlovarský kraj,Božičany,616
Božičany,Božičany,Population as at 31. 12.,2008,Karlovarský kraj,Božičany,612
Božičany,Božičany,Population as at 31. 12.,2007,Karlovarský kraj,Božičany,615
Božičany,Božičany,Population as at 31. 12.,2006,Karlovarský kraj,Božičany,615
Božičany,Božičany,Population as at 31. 12.,2005,Karlovarský kraj,Božičany,621
Božičany,Božičany,Population as at 31. 12.,2004,Karlovarský kraj,Božičany,615
Božičany,Božičany,Population as at 31. 12.,2003,Karlovarský kraj,Božičany,623
Božičany,Božičany,Population as at 31. 12.,2002,Karlovarský kraj,Božičany,619
Božičany,Božičany,Population as at 31. 12.,2001,Karlovarský kraj,Božičany,628
Božičany,Božičany,Population as at 31. 12.,2000,Karlovarský kraj,Božičany,631
Bublava,Bublava,Population as at 31. 12.,2022,Karlovarský kraj,Bublava,403
Bublava,Bublava,Population as at 31. 12.,2021,Karlovarský kraj,Bublava,386
Bublava,Bublava,Population as at 31. 12.,2020,Karlovarský kraj,Bublava,395
Bublava,Bublava,Population as at 31. 12.,2019,Karlovarský kraj,Bublava,403
Bublava,Bublava,Population as at 31. 12.,2018,Karlovarský kraj,Bublava,404
Bublava,Bublava,Population as at 31. 12.,2017,Karlovarský kraj,Bublava,401
Bublava,Bublava,Population as at 31. 12.,2016,Karlovarský kraj,Bublava,393
Bublava,Bublava,Population as at 31. 12.,2015,Karlovarský kraj,Bublava,392
Bublava,Bublava,Population as at 31. 12.,2014,Karlovarský kraj,Bublava,406
Bublava,Bublava,Population as at 31. 12.,2013,Karlovarský kraj,Bublava,374
Bublava,Bublava,Population as at 31. 12.,2012,Karlovarský kraj,Bublava,375
Bublava,Bublava,Population as at 31. 12.,2011,Karlovarský kraj,Bublava,378
Bublava,Bublava,Population as at 31. 12.,2010,Karlovarský kraj,Bublava,359
Bublava,Bublava,Population as at 31. 12.,2009,Karlovarský kraj,Bublava,323
Bublava,Bublava,Population as at 31. 12.,2008,Karlovarský kraj,Bublava,339
Bublava,Bublava,Population as at 31. 12.,2007,Karlovarský kraj,Bublava,301
Bublava,Bublava,Population as at 31. 12.,2006,Karlovarský kraj,Bublava,300
Bublava,Bublava,Population as at 31. 12.,2005,Karlovarský kraj,Bublava,309
Bublava,Bublava,Population as at 31. 12.,2004,Karlovarský kraj,Bublava,327
Bublava,Bublava,Population as at 31. 12.,2003,Karlovarský kraj,Bublava,334
Bublava,Bublava,Population as at 31. 12.,2002,Karlovarský kraj,Bublava,332
Bublava,Bublava,Population as at 31. 12.,2001,Karlovarský kraj,Bublava,330
Bublava,Bublava,Population as at 31. 12.,2000,Karlovarský kraj,Bublava,341
Březová,Březová,Population as at 31. 12.,2022,Středočeský kraj,Březová,332
Březová,Březová,Population as at 31. 12.,2022,Karlovarský kraj,Březová,662
Březová,Březová,Population as at 31. 12.,2022,Karlovarský kraj,Březová,2638
Březová,Březová,Population as at 31. 12.,2022,Zlínský kraj,Březová,979
Březová,Březová,Population as at 31. 12.,2022,Zlínský kraj,Březová,515
Březová,Březová,Population as at 31. 12.,2022,Moravskoslezský kraj,Březová,1414
Březová,Březová,Population as at 31. 12.,2021,Středočeský kraj,Březová,325
Březová,Březová,Population as at 31. 12.,2021,Karlovarský kraj,Březová,554
Březová,Březová,Population as at 31. 12.,2021,Karlovarský kraj,Březová,2616
Březová,Březová,Population as at 31. 12.,2021,Zlínský kraj,Březová,977
Březová,Březová,Population as at 31. 12.,2021,Zlínský kraj,Březová,509
Březová,Březová,Population as at 31. 12.,2021,Moravskoslezský kraj,Březová,1386
Březová,Březová,Population as at 31. 12.,2020,Středočeský kraj,Březová,325
Březová,Březová,Population as at 31. 12.,2020,Karlovarský kraj,Březová,543
Březová,Březová,Population as at 31. 12.,2020,Karlovarský kraj,Březová,2660
Březová,Březová,Population as at 31. 12.,2020,Zlínský kraj,Březová,997
Březová,Březová,Population as at 31. 12.,2020,Zlínský kraj,Březová,518
Březová,Březová,Population as at 31. 12.,2020,Moravskoslezský kraj,Březová,1384
Březová,Březová,Population as at 31. 12.,2019,Středočeský kraj,Březová,345
Březová,Březová,Population as at 31. 12.,2019,Karlovarský kraj,Březová,546
Březová,Březová,Population as at 31. 12.,2019,Karlovarský kraj,Březová,2699
Březová,Březová,Population as at 31. 12.,2019,Zlínský kraj,Březová,1003
Březová,Březová,Population as at 31. 12.,2019,Zlínský kraj,Březová,514
Březová,Březová,Population as at 31. 12.,2019,Moravskoslezský kraj,Březová,1375
Březová,Březová,Population as at 31. 12.,2018,Středočeský kraj,Březová,339
Březová,Březová,Population as at 31. 12.,2018,Karlovarský kraj,Březová,529
Březová,Březová,Population as at 31. 12.,2018,Karlovarský kraj,Březová,2725
Březová,Březová,Population as at 31. 12.,2018,Zlínský kraj,Březová,999
Březová,Březová,Population as at 31. 12.,2018,Zlínský kraj,Březová,516
Březová,Březová,Population as at 31. 12.,2018,Moravskoslezský kraj,Březová,1391
Březová,Březová,Population as at 31. 12.,2017,Středočeský kraj,Březová,319
Březová,Březová,Population as at 31. 12.,2017,Karlovarský kraj,Březová,538
Březová,Březová,Population as at 31. 12.,2017,Karlovarský kraj,Březová,2734
Březová,Březová,Population as at 31. 12.,2017,Zlínský kraj,Březová,1010
Březová,Březová,Population as at 31. 12.,2017,Zlínský kraj,Březová,502
Březová,Březová,Population as at 31. 12.,2017,Moravskoslezský kraj,Březová,1373
Březová,Březová,Population as at 31. 12.,2016,Středočeský kraj,Březová,315
Březová,Březová,Population as at 31. 12.,2016,Karlovarský kraj,Březová,541
Březová,Březová,Population as at 31. 12.,2016,Karlovarský kraj,Březová,2744
Březová,Březová,Population as at 31. 12.,2016,Zlínský kraj,Březová,1003
Březová,Březová,Population as at 31. 12.,2016,Zlínský kraj,Březová,510
Březová,Březová,Population as at 31. 12.,2016,Moravskoslezský kraj,Březová,1377
Březová,Březová,Population as at 31. 12.,2015,Středočeský kraj,Březová,311
Březová,Březová,Population as at 31. 12.,2015,Karlovarský kraj,Březová,538
Březová,Březová,Population as at 31. 12.,2015,Karlovarský kraj,Březová,2727
Březová,Březová,Population as at 31. 12.,2015,Zlínský kraj,Březová,1011
Březová,Březová,Population as at 31. 12.,2015,Zlínský kraj,Březová,497
Březová,Březová,Population as at 31. 12.,2015,Moravskoslezský kraj,Březová,1389
Březová,Březová,Population as at 31. 12.,2014,Středočeský kraj,Březová,315
Březová,Březová,Population as at 31. 12.,2014,Karlovarský kraj,Březová,534
Březová,Březová,Population as at 31. 12.,2014,Karlovarský kraj,Březová,2702
Březová,Březová,Population as at 31. 12.,2014,Zlínský kraj,Březová,1003
Březová,Březová,Population as at 31. 12.,2014,Zlínský kraj,Březová,495
Březová,Březová,Population as at 31. 12.,2014,Moravskoslezský kraj,Březová,1375
Březová,Březová,Population as at 31. 12.,2013,Středočeský kraj,Březová,309
Březová,Březová,Population as at 31. 12.,2013,Karlovarský kraj,Březová,532
Březová,Březová,Population as at 31. 12.,2013,Karlovarský kraj,Březová,2704
Březová,Březová,Population as at 31. 12.,2013,Zlínský kraj,Březová,1012
Březová,Březová,Population as at 31. 12.,2013,Zlínský kraj,Březová,506
Březová,Březová,Population as at 31. 12.,2013,Moravskoslezský kraj,Březová,1378
Březová,Březová,Population as at 31. 12.,2012,Středočeský kraj,Březová,298
Březová,Březová,Population as at 31. 12.,2012,Karlovarský kraj,Březová,546
Březová,Březová,Population as at 31. 12.,2012,Karlovarský kraj,Březová,2728
Březová,Březová,Population as at 31. 12.,2012,Zlínský kraj,Březová,1023
Březová,Březová,Population as at 31. 12.,2012,Zlínský kraj,Březová,494
Březová,Březová,Population as at 31. 12.,2012,Moravskoslezský kraj,Březová,1384
Březová,Březová,Population as at 31. 12.,2011,Středočeský kraj,Březová,284
Březová,Březová,Population as at 31. 12.,2011,Karlovarský kraj,Březová,540
Březová,Březová,Population as at 31. 12.,2011,Karlovarský kraj,Březová,2715
Březová,Březová,Population as at 31. 12.,2011,Zlínský kraj,Březová,1043
Březová,Březová,Population as at 31. 12.,2011,Zlínský kraj,Březová,494
Březová,Březová,Population as at 31. 12.,2011,Moravskoslezský kraj,Březová,1391
Březová,Březová,Population as at 31. 12.,2010,Středočeský kraj,Březová,270
Březová,Březová,Population as at 31. 12.,2010,Karlovarský kraj,Březová,569
Březová,Březová,Population as at 31. 12.,2010,Karlovarský kraj,Březová,2746
Březová,Březová,Population as at 31. 12.,2010,Zlínský kraj,Březová,1090
Březová,Březová,Population as at 31. 12.,2010,Zlínský kraj,Březová,495
Březová,Březová,Population as at 31. 12.,2010,Moravskoslezský kraj,Březová,1398
Březová,Březová,Population as at 31. 12.,2009,Středočeský kraj,Březová,273
Březová,Březová,Population as at 31. 12.,2009,Karlovarský kraj,Březová,556
Březová,Březová,Population as at 31. 12.,2009,Karlovarský kraj,Březová,2741
Březová,Březová,Population as at 31. 12.,2009,Zlínský kraj,Březová,1082
Březová,Březová,Population as at 31. 12.,2009,Zlínský kraj,Březová,503
Březová,Březová,Population as at 31. 12.,2009,Moravskoslezský kraj,Březová,1386
Březová,Březová,Population as at 31. 12.,2008,Středočeský kraj,Březová,269
Březová,Březová,Population as at 31. 12.,2008,Karlovarský kraj,Březová,561
Březová,Březová,Population as at 31. 12.,2008,Karlovarský kraj,Březová,2741
Březová,Březová,Population as at 31. 12.,2008,Zlínský kraj,Březová,1078
Březová,Březová,Population as at 31. 12.,2008,Zlínský kraj,Březová,491
Březová,Březová,Population as at 31. 12.,2008,Moravskoslezský kraj,Březová,1378
Březová,Březová,Population as at 31. 12.,2007,Středočeský kraj,Březová,265
Březová,Březová,Population as at 31. 12.,2007,Karlovarský kraj,Březová,551
Březová,Březová,Population as at 31. 12.,2007,Karlovarský kraj,Březová,2729
Březová,Březová,Population as at 31. 12.,2007,Zlínský kraj,Březová,1082
Březová,Březová,Population as at 31. 12.,2007,Zlínský kraj,Březová,487
Březová,Březová,Population as at 31. 12.,2007,Moravskoslezský kraj,Březová,1357
Březová,Březová,Population as at 31. 12.,2006,Středočeský kraj,Březová,252
Březová,Březová,Population as at 31. 12.,2006,Karlovarský kraj,Březová,543
Březová,Březová,Population as at 31. 12.,2006,Karlovarský kraj,Březová,2764
Březová,Březová,Population as at 31. 12.,2006,Zlínský kraj,Březová,1087
Březová,Březová,Population as at 31. 12.,2006,Zlínský kraj,Březová,472
Březová,Březová,Population as at 31. 12.,2006,Moravskoslezský kraj,Březová,1353
Březová,Březová,Population as at 31. 12.,2005,Středočeský kraj,Březová,247
Březová,Březová,Population as at 31. 12.,2005,Karlovarský kraj,Březová,549
Březová,Březová,Population as at 31. 12.,2005,Karlovarský kraj,Březová,2758
Březová,Březová,Population as at 31. 12.,2005,Zlínský kraj,Březová,1091
Březová,Březová,Population as at 31. 12.,2005,Zlínský kraj,Březová,468
Březová,Březová,Population as at 31. 12.,2005,Moravskoslezský kraj,Březová,1341
Březová,Březová,Population as at 31. 12.,2004,Středočeský kraj,Březová,244
Březová,Březová,Population as at 31. 12.,2004,Karlovarský kraj,Březová,552
Březová,Březová,Population as at 31. 12.,2004,Karlovarský kraj,Březová,2775
Březová,Březová,Population as at 31. 12.,2004,Zlínský kraj,Březová,1103
Březová,Březová,Population as at 31. 12.,2004,Zlínský kraj,Březová,466
Březová,Březová,Population as at 31. 12.,2004,Moravskoslezský kraj,Březová,1325
Březová,Březová,Population as at 31. 12.,2003,Středočeský kraj,Březová,252
Březová,Březová,Population as at 31. 12.,2003,Karlovarský kraj,Březová,531
Březová,Březová,Population as at 31. 12.,2003,Karlovarský kraj,Březová,2826
Březová,Březová,Population as at 31. 12.,2003,Zlínský kraj,Březová,1109
Březová,Březová,Population as at 31. 12.,2003,Zlínský kraj,Březová,477
Březová,Březová,Population as at 31. 12.,2003,Moravskoslezský kraj,Březová,1307
Březová,Březová,Population as at 31. 12.,2002,Středočeský kraj,Březová,246
Březová,Březová,Population as at 31. 12.,2002,Karlovarský kraj,Březová,530
Březová,Březová,Population as at 31. 12.,2002,Karlovarský kraj,Březová,2775
Březová,Březová,Population as at 31. 12.,2002,Zlínský kraj,Březová,1113
Březová,Březová,Population as at 31. 12.,2002,Zlínský kraj,Březová,473
Březová,Březová,Population as at 31. 12.,2002,Moravskoslezský kraj,Březová,1315
Březová,Březová,Population as at 31. 12.,2001,Středočeský kraj,Březová,241
Březová,Březová,Population as at 31. 12.,2001,Karlovarský kraj,Březová,546
Březová,Březová,Population as at 31. 12.,2001,Karlovarský kraj,Březová,2665
Březová,Březová,Population as at 31. 12.,2001,Zlínský kraj,Březová,1122
Březová,Březová,Population as at 31. 12.,2001,Zlínský kraj,Březová,454
Březová,Březová,Population as at 31. 12.,2001,Moravskoslezský kraj,Březová,1308
Březová,Březová,Population as at 31. 12.,2000,Středočeský kraj,Březová,247
Březová,Březová,Population as at 31. 12.,2000,Karlovarský kraj,Březová,524
Březová,Březová,Population as at 31. 12.,2000,Karlovarský kraj,Březová,2779
Březová,Březová,Population as at 31. 12.,2000,Zlínský kraj,Březová,1128
Březová,Březová,Population as at 31. 12.,2000,Zlínský kraj,Březová,385
Březová,Březová,Population as at 31. 12.,2000,Moravskoslezský kraj,Březová,1340
Cheb,Cheb,Population as at 31. 12.,2022,Karlovarský kraj,Cheb,31954
Cheb,Cheb,Population as at 31. 12.,2021,Karlovarský kraj,Cheb,30420
Cheb,Cheb,Population as at 31. 12.,2020,Karlovarský kraj,Cheb,31920
Cheb,Cheb,Population as at 31. 12.,2019,Karlovarský kraj,Cheb,31977
Cheb,Cheb,Population as at 31. 12.,2018,Karlovarský kraj,Cheb,31988
Cheb,Cheb,Population as at 31. 12.,2017,Karlovarský kraj,Cheb,32171
Cheb,Cheb,Population as at 31. 12.,2016,Karlovarský kraj,Cheb,32394
Cheb,Cheb,Population as at 31. 12.,2015,Karlovarský kraj,Cheb,32355
Cheb,Cheb,Population as at 31. 12.,2014,Karlovarský kraj,Cheb,32351
Cheb,Cheb,Population as at 31. 12.,2013,Karlovarský kraj,Cheb,32617
Cheb,Cheb,Population as at 31. 12.,2012,Karlovarský kraj,Cheb,32823
Cheb,Cheb,Population as at 31. 12.,2011,Karlovarský kraj,Cheb,33067
Cheb,Cheb,Population as at 31. 12.,2010,Karlovarský kraj,Cheb,34530
Cheb,Cheb,Population as at 31. 12.,2009,Karlovarský kraj,Cheb,34626
Cheb,Cheb,Population as at 31. 12.,2008,Karlovarský kraj,Cheb,34873
Cheb,Cheb,Population as at 31. 12.,2007,Karlovarský kraj,Cheb,34818
Cheb,Cheb,Population as at 31. 12.,2006,Karlovarský kraj,Cheb,34036
Cheb,Cheb,Population as at 31. 12.,2005,Karlovarský kraj,Cheb,33681
Cheb,Cheb,Population as at 31. 12.,2004,Karlovarský kraj,Cheb,33462
Cheb,Cheb,Population as at 31. 12.,2003,Karlovarský kraj,Cheb,33242
Cheb,Cheb,Population as at 31. 12.,2002,Karlovarský kraj,Cheb,33192
Cheb,Cheb,Population as at 31. 12.,2001,Karlovarský kraj,Cheb,32991
Cheb,Cheb,Population as at 31. 12.,2000,Karlovarský kraj,Cheb,31511
Chlum Svaté Maří,Chlum Svaté Maří,Population as at 31. 12.,2022,Karlovarský kraj,Chlum Svaté Maří,305
Chlum Svaté Maří,Chlum Svaté Maří,Population as at 31. 12.,2021,Karlovarský kraj,Chlum Svaté Maří,297
Chlum Svaté Maří,Chlum Svaté Maří,Population as at 31. 12.,2020,Karlovarský kraj,Chlum Svaté Maří,286
Chlum Svaté Maří,Chlum Svaté Maří,Population as at 31. 12.,2019,Karlovarský kraj,Chlum Svaté Maří,279
Chlum Svaté Maří,Chlum Svaté Maří,Population as at 31. 12.,2018,Karlovarský kraj,Chlum Svaté Maří,273
Chlum Svaté Maří,Chlum Svaté Maří,Population as at 31. 12.,2017,Karlovarský kraj,Chlum Svaté Maří,287
Chlum Svaté Maří,Chlum Svaté Maří,Population as at 31. 12.,2016,Karlovarský kraj,Chlum Svaté Maří,297
Chlum Svaté Maří,Chlum Svaté Maří,Population as at 31. 12.,2015,Karlovarský kraj,Chlum Svaté Maří,304
Chlum Svaté Maří,Chlum Svaté Maří,Population as at 31. 12.,2014,Karlovarský kraj,Chlum Svaté Maří,293
Chlum Svaté Maří,Chlum Svaté Maří,Population as at 31. 12.,2013,Karlovarský kraj,Chlum Svaté Maří,289
Chlum Svaté Maří,Chlum Svaté Maří,Population as at 31. 12.,2012,Karlovarský kraj,Chlum Svaté Maří,292
Chlum Svaté Maří,Chlum Svaté Maří,Population as at 31. 12.,2011,Karlovarský kraj,Chlum Svaté Maří,283
Chlum Svaté Maří,Chlum Svaté Maří,Population as at 31. 12.,2010,Karlovarský kraj,Chlum Svaté Maří,289
Chlum Svaté Maří,Chlum Svaté Maří,Population as at 31. 12.,2009,Karlovarský kraj,Chlum Svaté Maří,297
Chlum Svaté Maří,Chlum Svaté Maří,Population as at 31. 12.,2008,Karlovarský kraj,Chlum Svaté Maří,296
Chlum Svaté Maří,Chlum Svaté Maří,Population as at 31. 12.,2007,Karlovarský kraj,Chlum Svaté Maří,284
Chlum Svaté Maří,Chlum Svaté Maří,Population as at 31. 12.,2006,Karlovarský kraj,Chlum Svaté Maří,281
Chlum Svaté Maří,Chlum Svaté Maří,Population as at 31. 12.,2005,Karlovarský kraj,Chlum Svaté Maří,285
Chlum Svaté Maří,Chlum Svaté Maří,Population as at 31. 12.,2004,Karlovarský kraj,Chlum Svaté Maří,282
Chlum Svaté Maří,Chlum Svaté Maří,Population as at 31. 12.,2003,Karlovarský kraj,Chlum Svaté Maří,293
Chlum Svaté Maří,Chlum Svaté Maří,Population as at 31. 12.,2002,Karlovarský kraj,Chlum Svaté Maří,299
Chlum Svaté Maří,Chlum Svaté Maří,Population as at 31. 12.,2001,Karlovarský kraj,Chlum Svaté Maří,293
Chlum Svaté Maří,Chlum Svaté Maří,Population as at 31. 12.,2000,Karlovarský kraj,Chlum Svaté Maří,274
Chodov,Chodov,Population as at 31. 12.,2022,Plzeňský kraj,Chodov,773
Chodov,Chodov,Population as at 31. 12.,2022,Karlovarský kraj,Chodov,12733
Chodov,Chodov,Population as at 31. 12.,2022,Karlovarský kraj,Chodov,123
Chodov,Chodov,Population as at 31. 12.,2021,Plzeňský kraj,Chodov,756
Chodov,Chodov,Population as at 31. 12.,2021,Karlovarský kraj,Chodov,12683
Chodov,Chodov,Population as at 31. 12.,2021,Karlovarský kraj,Chodov,118
Chodov,Chodov,Population as at 31. 12.,2020,Plzeňský kraj,Chodov,761
Chodov,Chodov,Population as at 31. 12.,2020,Karlovarský kraj,Chodov,13089
Chodov,Chodov,Population as at 31. 12.,2020,Karlovarský kraj,Chodov,115
Chodov,Chodov,Population as at 31. 12.,2019,Plzeňský kraj,Chodov,761
Chodov,Chodov,Population as at 31. 12.,2019,Karlovarský kraj,Chodov,13300
Chodov,Chodov,Population as at 31. 12.,2019,Karlovarský kraj,Chodov,115
Chodov,Chodov,Population as at 31. 12.,2018,Plzeňský kraj,Chodov,773
Chodov,Chodov,Population as at 31. 12.,2018,Karlovarský kraj,Chodov,13394
Chodov,Chodov,Population as at 31. 12.,2018,Karlovarský kraj,Chodov,114
Chodov,Chodov,Population as at 31. 12.,2017,Plzeňský kraj,Chodov,776
Chodov,Chodov,Population as at 31. 12.,2017,Karlovarský kraj,Chodov,13547
Chodov,Chodov,Population as at 31. 12.,2017,Karlovarský kraj,Chodov,115
Chodov,Chodov,Population as at 31. 12.,2016,Plzeňský kraj,Chodov,771
Chodov,Chodov,Population as at 31. 12.,2016,Karlovarský kraj,Chodov,13671
Chodov,Chodov,Population as at 31. 12.,2016,Karlovarský kraj,Chodov,112
Chodov,Chodov,Population as at 31. 12.,2015,Plzeňský kraj,Chodov,768
Chodov,Chodov,Population as at 31. 12.,2015,Karlovarský kraj,Chodov,13816
Chodov,Chodov,Population as at 31. 12.,2015,Karlovarský kraj,Chodov,115
Chodov,Chodov,Population as at 31. 12.,2014,Plzeňský kraj,Chodov,771
Chodov,Chodov,Population as at 31. 12.,2014,Karlovarský kraj,Chodov,13940
Chodov,Chodov,Population as at 31. 12.,2014,Karlovarský kraj,Chodov,115
Chodov,Chodov,Population as at 31. 12.,2013,Plzeňský kraj,Chodov,771
Chodov,Chodov,Population as at 31. 12.,2013,Karlovarský kraj,Chodov,14045
Chodov,Chodov,Population as at 31. 12.,2013,Karlovarský kraj,Chodov,112
Chodov,Chodov,Population as at 31. 12.,2012,Plzeňský kraj,Chodov,776
Chodov,Chodov,Population as at 31. 12.,2012,Karlovarský kraj,Chodov,14110
Chodov,Chodov,Population as at 31. 12.,2012,Karlovarský kraj,Chodov,114
Chodov,Chodov,Population as at 31. 12.,2011,Plzeňský kraj,Chodov,757
Chodov,Chodov,Population as at 31. 12.,2011,Karlovarský kraj,Chodov,14244
Chodov,Chodov,Population as at 31. 12.,2011,Karlovarský kraj,Chodov,113
Chodov,Chodov,Population as at 31. 12.,2010,Plzeňský kraj,Chodov,799
Chodov,Chodov,Population as at 31. 12.,2010,Karlovarský kraj,Chodov,14134
Chodov,Chodov,Population as at 31. 12.,2010,Karlovarský kraj,Chodov,158
Chodov,Chodov,Population as at 31. 12.,2009,Plzeňský kraj,Chodov,780
Chodov,Chodov,Population as at 31. 12.,2009,Karlovarský kraj,Chodov,14144
Chodov,Chodov,Population as at 31. 12.,2009,Karlovarský kraj,Chodov,159
Chodov,Chodov,Population as at 31. 12.,2008,Plzeňský kraj,Chodov,771
Chodov,Chodov,Population as at 31. 12.,2008,Karlovarský kraj,Chodov,14211
Chodov,Chodov,Population as at 31. 12.,2008,Karlovarský kraj,Chodov,153
Chodov,Chodov,Population as at 31. 12.,2007,Plzeňský kraj,Chodov,715
Chodov,Chodov,Population as at 31. 12.,2007,Karlovarský kraj,Chodov,14321
Chodov,Chodov,Population as at 31. 12.,2007,Karlovarský kraj,Chodov,146
Chodov,Chodov,Population as at 31. 12.,2006,Plzeňský kraj,Chodov,706
Chodov,Chodov,Population as at 31. 12.,2006,Karlovarský kraj,Chodov,14344
Chodov,Chodov,Population as at 31. 12.,2006,Karlovarský kraj,Chodov,137
Chodov,Chodov,Population as at 31. 12.,2005,Plzeňský kraj,Chodov,679
Chodov,Chodov,Population as at 31. 12.,2005,Karlovarský kraj,Chodov,14433
Chodov,Chodov,Population as at 31. 12.,2005,Karlovarský kraj,Chodov,119
Chodov,Chodov,Population as at 31. 12.,2004,Plzeňský kraj,Chodov,679
Chodov,Chodov,Population as at 31. 12.,2004,Karlovarský kraj,Chodov,14419
Chodov,Chodov,Population as at 31. 12.,2004,Karlovarský kraj,Chodov,111
Chodov,Chodov,Population as at 31. 12.,2003,Plzeňský kraj,Chodov,670
Chodov,Chodov,Population as at 31. 12.,2003,Karlovarský kraj,Chodov,14454
Chodov,Chodov,Population as at 31. 12.,2003,Karlovarský kraj,Chodov,107
Chodov,Chodov,Population as at 31. 12.,2002,Plzeňský kraj,Chodov,684
Chodov,Chodov,Population as at 31. 12.,2002,Karlovarský kraj,Chodov,14459
Chodov,Chodov,Population as at 31. 12.,2002,Karlovarský kraj,Chodov,101
Chodov,Chodov,Population as at 31. 12.,2001,Plzeňský kraj,Chodov,702
Chodov,Chodov,Population as at 31. 12.,2001,Karlovarský kraj,Chodov,14560
Chodov,Chodov,Population as at 31. 12.,2001,Karlovarský kraj,Chodov,107
Chodov,Chodov,Population as at 31. 12.,2000,Plzeňský kraj,Chodov,654
Chodov,Chodov,Population as at 31. 12.,2000,Karlovarský kraj,Chodov,15169
Chodov,Chodov,Population as at 31. 12.,2000,Karlovarský kraj,Chodov,100
Citice,Citice,Population as at 31. 12.,2022,Karlovarský kraj,Citice,875
Citice,Citice,Population as at 31. 12.,2021,Karlovarský kraj,Citice,874
Citice,Citice,Population as at 31. 12.,2020,Karlovarský kraj,Citice,900
Citice,Citice,Population as at 31. 12.,2019,Karlovarský kraj,Citice,911
Citice,Citice,Population as at 31. 12.,2018,Karlovarský kraj,Citice,922
Citice,Citice,Population as at 31. 12.,2017,Karlovarský kraj,Citice,904
Citice,Citice,Population as at 31. 12.,2016,Karlovarský kraj,Citice,906
Citice,Citice,Population as at 31. 12.,2015,Karlovarský kraj,Citice,900
Citice,Citice,Population as at 31. 12.,2014,Karlovarský kraj,Citice,900
Citice,Citice,Population as at 31. 12.,2013,Karlovarský kraj,Citice,913
Citice,Citice,Population as at 31. 12.,2012,Karlovarský kraj,Citice,906
Citice,Citice,Population as at 31. 12.,2011,Karlovarský kraj,Citice,889
Citice,Citice,Population as at 31. 12.,2010,Karlovarský kraj,Citice,899
Citice,Citice,Population as at 31. 12.,2009,Karlovarský kraj,Citice,884
Citice,Citice,Population as at 31. 12.,2008,Karlovarský kraj,Citice,881
Citice,Citice,Population as at 31. 12.,2007,Karlovarský kraj,Citice,895
Citice,Citice,Population as at 31. 12.,2006,Karlovarský kraj,Citice,882
Citice,Citice,Population as at 31. 12.,2005,Karlovarský kraj,Citice,880
Citice,Citice,Population as at 31. 12.,2004,Karlovarský kraj,Citice,876
Citice,Citice,Population as at 31. 12.,2003,Karlovarský kraj,Citice,880
Citice,Citice,Population as at 31. 12.,2002,Karlovarský kraj,Citice,854
Citice,Citice,Population as at 31. 12.,2001,Karlovarský kraj,Citice,851
Citice,Citice,Population as at 31. 12.,2000,Karlovarský kraj,Citice,857
Dasnice,Dasnice,Population as at 31. 12.,2022,Karlovarský kraj,Dasnice,261
Dasnice,Dasnice,Population as at 31. 12.,2021,Karlovarský kraj,Dasnice,274
Dasnice,Dasnice,Population as at 31. 12.,2020,Karlovarský kraj,Dasnice,274
Dasnice,Dasnice,Population as at 31. 12.,2019,Karlovarský kraj,Dasnice,277
Dasnice,Dasnice,Population as at 31. 12.,2018,Karlovarský kraj,Dasnice,276
Dasnice,Dasnice,Population as at 31. 12.,2017,Karlovarský kraj,Dasnice,278
Dasnice,Dasnice,Population as at 31. 12.,2016,Karlovarský kraj,Dasnice,287
Dasnice,Dasnice,Population as at 31. 12.,2015,Karlovarský kraj,Dasnice,297
Dasnice,Dasnice,Population as at 31. 12.,2014,Karlovarský kraj,Dasnice,307
Dasnice,Dasnice,Population as at 31. 12.,2013,Karlovarský kraj,Dasnice,312
Dasnice,Dasnice,Population as at 31. 12.,2012,Karlovarský kraj,Dasnice,318
Dasnice,Dasnice,Population as at 31. 12.,2011,Karlovarský kraj,Dasnice,332
Dasnice,Dasnice,Population as at 31. 12.,2010,Karlovarský kraj,Dasnice,370
Dasnice,Dasnice,Population as at 31. 12.,2009,Karlovarský kraj,Dasnice,374
Dasnice,Dasnice,Population as at 31. 12.,2008,Karlovarský kraj,Dasnice,371
Dasnice,Dasnice,Population as at 31. 12.,2007,Karlovarský kraj,Dasnice,361
Dasnice,Dasnice,Population as at 31. 12.,2006,Karlovarský kraj,Dasnice,362
Dasnice,Dasnice,Population as at 31. 12.,2005,Karlovarský kraj,Dasnice,366
Dasnice,Dasnice,Population as at 31. 12.,2004,Karlovarský kraj,Dasnice,372
Dasnice,Dasnice,Population as at 31. 12.,2003,Karlovarský kraj,Dasnice,361
Dasnice,Dasnice,Population as at 31. 12.,2002,Karlovarský kraj,Dasnice,359
Dasnice,Dasnice,Population as at 31. 12.,2001,Karlovarský kraj,Dasnice,352
Dasnice,Dasnice,Population as at 31. 12.,2000,Karlovarský kraj,Dasnice,338
Dolní Nivy,Dolní Nivy,Population as at 31. 12.,2022,Karlovarský kraj,Dolní Nivy,342
Dolní Nivy,Dolní Nivy,Population as at 31. 12.,2021,Karlovarský kraj,Dolní Nivy,337
Dolní Nivy,Dolní Nivy,Population as at 31. 12.,2020,Karlovarský kraj,Dolní Nivy,354
Dolní Nivy,Dolní Nivy,Population as at 31. 12.,2019,Karlovarský kraj,Dolní Nivy,361
Dolní Nivy,Dolní Nivy,Population as at 31. 12.,2018,Karlovarský kraj,Dolní Nivy,350
Dolní Nivy,Dolní Nivy,Population as at 31. 12.,2017,Karlovarský kraj,Dolní Nivy,346
Dolní Nivy,Dolní Nivy,Population as at 31. 12.,2016,Karlovarský kraj,Dolní Nivy,327
Dolní Nivy,Dolní Nivy,Population as at 31. 12.,2015,Karlovarský kraj,Dolní Nivy,314
Dolní Nivy,Dolní Nivy,Population as at 31. 12.,2014,Karlovarský kraj,Dolní Nivy,316
Dolní Nivy,Dolní Nivy,Population as at 31. 12.,2013,Karlovarský kraj,Dolní Nivy,311
Dolní Nivy,Dolní Nivy,Population as at 31. 12.,2012,Karlovarský kraj,Dolní Nivy,316
Dolní Nivy,Dolní Nivy,Population as at 31. 12.,2011,Karlovarský kraj,Dolní Nivy,313
Dolní Nivy,Dolní Nivy,Population as at 31. 12.,2010,Karlovarský kraj,Dolní Nivy,316
Dolní Nivy,Dolní Nivy,Population as at 31. 12.,2009,Karlovarský kraj,Dolní Nivy,322
Dolní Nivy,Dolní Nivy,Population as at 31. 12.,2008,Karlovarský kraj,Dolní Nivy,315
Dolní Nivy,Dolní Nivy,Population as at 31. 12.,2007,Karlovarský kraj,Dolní Nivy,312
Dolní Nivy,Dolní Nivy,Population as at 31. 12.,2006,Karlovarský kraj,Dolní Nivy,292
Dolní Nivy,Dolní Nivy,Population as at 31. 12.,2005,Karlovarský kraj,Dolní Nivy,283
Dolní Nivy,Dolní Nivy,Population as at 31. 12.,2004,Karlovarský kraj,Dolní Nivy,283
Dolní Nivy,Dolní Nivy,Population as at 31. 12.,2003,Karlovarský kraj,Dolní Nivy,277
Dolní Nivy,Dolní Nivy,Population as at 31. 12.,2002,Karlovarský kraj,Dolní Nivy,286
Dolní Nivy,Dolní Nivy,Population as at 31. 12.,2001,Karlovarský kraj,Dolní Nivy,287
Dolní Nivy,Dolní Nivy,Population as at 31. 12.,2000,Karlovarský kraj,Dolní Nivy,276
Dolní Rychnov,Dolní Rychnov,Population as at 31. 12.,2022,Karlovarský kraj,Dolní Rychnov,1310
Dolní Rychnov,Dolní Rychnov,Population as at 31. 12.,2021,Karlovarský kraj,Dolní Rychnov,1319
Dolní Rychnov,Dolní Rychnov,Population as at 31. 12.,2020,Karlovarský kraj,Dolní Rychnov,1316
Dolní Rychnov,Dolní Rychnov,Population as at 31. 12.,2019,Karlovarský kraj,Dolní Rychnov,1314
Dolní Rychnov,Dolní Rychnov,Population as at 31. 12.,2018,Karlovarský kraj,Dolní Rychnov,1318
Dolní Rychnov,Dolní Rychnov,Population as at 31. 12.,2017,Karlovarský kraj,Dolní Rychnov,1337
Dolní Rychnov,Dolní Rychnov,Population as at 31. 12.,2016,Karlovarský kraj,Dolní Rychnov,1355
Dolní Rychnov,Dolní Rychnov,Population as at 31. 12.,2015,Karlovarský kraj,Dolní Rychnov,1365
Dolní Rychnov,Dolní Rychnov,Population as at 31. 12.,2014,Karlovarský kraj,Dolní Rychnov,1406
Dolní Rychnov,Dolní Rychnov,Population as at 31. 12.,2013,Karlovarský kraj,Dolní Rychnov,1437
Dolní Rychnov,Dolní Rychnov,Population as at 31. 12.,2012,Karlovarský kraj,Dolní Rychnov,1426
Dolní Rychnov,Dolní Rychnov,Population as at 31. 12.,2011,Karlovarský kraj,Dolní Rychnov,1430
Dolní Rychnov,Dolní Rychnov,Population as at 31. 12.,2010,Karlovarský kraj,Dolní Rychnov,1467
Dolní Rychnov,Dolní Rychnov,Population as at 31. 12.,2009,Karlovarský kraj,Dolní Rychnov,1482
Dolní Rychnov,Dolní Rychnov,Population as at 31. 12.,2008,Karlovarský kraj,Dolní Rychnov,1447
Dolní Rychnov,Dolní Rychnov,Population as at 31. 12.,2007,Karlovarský kraj,Dolní Rychnov,1424
Dolní Rychnov,Dolní Rychnov,Population as at 31. 12.,2006,Karlovarský kraj,Dolní Rychnov,1406
Dolní Rychnov,Dolní Rychnov,Population as at 31. 12.,2005,Karlovarský kraj,Dolní Rychnov,1389
Dolní Rychnov,Dolní Rychnov,Population as at 31. 12.,2004,Karlovarský kraj,Dolní Rychnov,1370
Dolní Rychnov,Dolní Rychnov,Population as at 31. 12.,2003,Karlovarský kraj,Dolní Rychnov,1337
Dolní Rychnov,Dolní Rychnov,Population as at 31. 12.,2002,Karlovarský kraj,Dolní Rychnov,1279
Dolní Rychnov,Dolní Rychnov,Population as at 31. 12.,2001,Karlovarský kraj,Dolní Rychnov,1295
Dolní Rychnov,Dolní Rychnov,Population as at 31. 12.,2000,Karlovarský kraj,Dolní Rychnov,1227
Dolní Žandov,Dolní Žandov,Population as at 31. 12.,2022,Karlovarský kraj,Dolní Žandov,1222
Dolní Žandov,Dolní Žandov,Population as at 31. 12.,2021,Karlovarský kraj,Dolní Žandov,1213
Dolní Žandov,Dolní Žandov,Population as at 31. 12.,2020,Karlovarský kraj,Dolní Žandov,1234
Dolní Žandov,Dolní Žandov,Population as at 31. 12.,2019,Karlovarský kraj,Dolní Žandov,1235
Dolní Žandov,Dolní Žandov,Population as at 31. 12.,2018,Karlovarský kraj,Dolní Žandov,1240
Dolní Žandov,Dolní Žandov,Population as at 31. 12.,2017,Karlovarský kraj,Dolní Žandov,1207
Dolní Žandov,Dolní Žandov,Population as at 31. 12.,2016,Karlovarský kraj,Dolní Žandov,1220
Dolní Žandov,Dolní Žandov,Population as at 31. 12.,2015,Karlovarský kraj,Dolní Žandov,1236
Dolní Žandov,Dolní Žandov,Population as at 31. 12.,2014,Karlovarský kraj,Dolní Žandov,1244
Dolní Žandov,Dolní Žandov,Population as at 31. 12.,2013,Karlovarský kraj,Dolní Žandov,1231
Dolní Žandov,Dolní Žandov,Population as at 31. 12.,2012,Karlovarský kraj,Dolní Žandov,1211
Dolní Žandov,Dolní Žandov,Population as at 31. 12.,2011,Karlovarský kraj,Dolní Žandov,1200
Dolní Žandov,Dolní Žandov,Population as at 31. 12.,2010,Karlovarský kraj,Dolní Žandov,1222
Dolní Žandov,Dolní Žandov,Population as at 31. 12.,2009,Karlovarský kraj,Dolní Žandov,1211
Dolní Žandov,Dolní Žandov,Population as at 31. 12.,2008,Karlovarský kraj,Dolní Žandov,1212
Dolní Žandov,Dolní Žandov,Population as at 31. 12.,2007,Karlovarský kraj,Dolní Žandov,1211
Dolní Žandov,Dolní Žandov,Population as at 31. 12.,2006,Karlovarský kraj,Dolní Žandov,1183
Dolní Žandov,Dolní Žandov,Population as at 31. 12.,2005,Karlovarský kraj,Dolní Žandov,1202
Dolní Žandov,Dolní Žandov,Population as at 31. 12.,2004,Karlovarský kraj,Dolní Žandov,1194
Dolní Žandov,Dolní Žandov,Population as at 31. 12.,2003,Karlovarský kraj,Dolní Žandov,1204
Dolní Žandov,Dolní Žandov,Population as at 31. 12.,2002,Karlovarský kraj,Dolní Žandov,1211
Dolní Žandov,Dolní Žandov,Population as at 31. 12.,2001,Karlovarský kraj,Dolní Žandov,1180
Dolní Žandov,Dolní Žandov,Population as at 31. 12.,2000,Karlovarský kraj,Dolní Žandov,1174
Doupovské Hradiště,Doupovské Hradiště,Population as at 31. 12.,2022,Karlovarský kraj,Doupovské Hradiště,161
Doupovské Hradiště,Doupovské Hradiště,Population as at 31. 12.,2021,Karlovarský kraj,Doupovské Hradiště,160
Doupovské Hradiště,Doupovské Hradiště,Population as at 31. 12.,2020,Karlovarský kraj,Doupovské Hradiště,164
Doupovské Hradiště,Doupovské Hradiště,Population as at 31. 12.,2019,Karlovarský kraj,Doupovské Hradiště,162
Doupovské Hradiště,Doupovské Hradiště,Population as at 31. 12.,2018,Karlovarský kraj,Doupovské Hradiště,159
Doupovské Hradiště,Doupovské Hradiště,Population as at 31. 12.,2017,Karlovarský kraj,Doupovské Hradiště,160
Doupovské Hradiště,Doupovské Hradiště,Population as at 31. 12.,2016,Karlovarský kraj,Doupovské Hradiště,159
Děpoltovice,Děpoltovice,Population as at 31. 12.,2022,Karlovarský kraj,Děpoltovice,415
Děpoltovice,Děpoltovice,Population as at 31. 12.,2021,Karlovarský kraj,Děpoltovice,402
Děpoltovice,Děpoltovice,Population as at 31. 12.,2020,Karlovarský kraj,Děpoltovice,394
Děpoltovice,Děpoltovice,Population as at 31. 12.,2019,Karlovarský kraj,Děpoltovice,385
Děpoltovice,Děpoltovice,Population as at 31. 12.,2018,Karlovarský kraj,Děpoltovice,374
Děpoltovice,Děpoltovice,Population as at 31. 12.,2017,Karlovarský kraj,Děpoltovice,377
Děpoltovice,Děpoltovice,Population as at 31. 12.,2016,Karlovarský kraj,Děpoltovice,388
Děpoltovice,Děpoltovice,Population as at 31. 12.,2015,Karlovarský kraj,Děpoltovice,384
Děpoltovice,Děpoltovice,Population as at 31. 12.,2014,Karlovarský kraj,Děpoltovice,383
Děpoltovice,Děpoltovice,Population as at 31. 12.,2013,Karlovarský kraj,Děpoltovice,374
Děpoltovice,Děpoltovice,Population as at 31. 12.,2012,Karlovarský kraj,Děpoltovice,366
Děpoltovice,Děpoltovice,Population as at 31. 12.,2011,Karlovarský kraj,Děpoltovice,363
Děpoltovice,Děpoltovice,Population as at 31. 12.,2010,Karlovarský kraj,Děpoltovice,354
Děpoltovice,Děpoltovice,Population as at 31. 12.,2009,Karlovarský kraj,Děpoltovice,335
Děpoltovice,Děpoltovice,Population as at 31. 12.,2008,Karlovarský kraj,Děpoltovice,323
Děpoltovice,Děpoltovice,Population as at 31. 12.,2007,Karlovarský kraj,Děpoltovice,312
Děpoltovice,Děpoltovice,Population as at 31. 12.,2006,Karlovarský kraj,Děpoltovice,311
Děpoltovice,Děpoltovice,Population as at 31. 12.,2005,Karlovarský kraj,Děpoltovice,309
Děpoltovice,Děpoltovice,Population as at 31. 12.,2004,Karlovarský kraj,Děpoltovice,315
Děpoltovice,Děpoltovice,Population as at 31. 12.,2003,Karlovarský kraj,Děpoltovice,302
Děpoltovice,Děpoltovice,Population as at 31. 12.,2002,Karlovarský kraj,Děpoltovice,308
Děpoltovice,Děpoltovice,Population as at 31. 12.,2001,Karlovarský kraj,Děpoltovice,301
Děpoltovice,Děpoltovice,Population as at 31. 12.,2000,Karlovarský kraj,Děpoltovice,275
Františkovy Lázně,Františkovy Lázně,Population as at 31. 12.,2022,Karlovarský kraj,Františkovy Lázně,5707
Františkovy Lázně,Františkovy Lázně,Population as at 31. 12.,2021,Karlovarský kraj,Františkovy Lázně,5187
Františkovy Lázně,Františkovy Lázně,Population as at 31. 12.,2020,Karlovarský kraj,Františkovy Lázně,5412
Františkovy Lázně,Františkovy Lázně,Population as at 31. 12.,2019,Karlovarský kraj,Františkovy Lázně,5461
Františkovy Lázně,Františkovy Lázně,Population as at 31. 12.,2018,Karlovarský kraj,Františkovy Lázně,5514
Františkovy Lázně,Františkovy Lázně,Population as at 31. 12.,2017,Karlovarský kraj,Františkovy Lázně,5501
Františkovy Lázně,Františkovy Lázně,Population as at 31. 12.,2016,Karlovarský kraj,Františkovy Lázně,5497
Františkovy Lázně,Františkovy Lázně,Population as at 31. 12.,2015,Karlovarský kraj,Františkovy Lázně,5536
Františkovy Lázně,Františkovy Lázně,Population as at 31. 12.,2014,Karlovarský kraj,Františkovy Lázně,5579
Františkovy Lázně,Františkovy Lázně,Population as at 31. 12.,2013,Karlovarský kraj,Františkovy Lázně,5547
Františkovy Lázně,Františkovy Lázně,Population as at 31. 12.,2012,Karlovarský kraj,Františkovy Lázně,5569
Františkovy Lázně,Františkovy Lázně,Population as at 31. 12.,2011,Karlovarský kraj,Františkovy Lázně,5569
Františkovy Lázně,Františkovy Lázně,Population as at 31. 12.,2010,Karlovarský kraj,Františkovy Lázně,5638
Františkovy Lázně,Františkovy Lázně,Population as at 31. 12.,2009,Karlovarský kraj,Františkovy Lázně,5606
Františkovy Lázně,Františkovy Lázně,Population as at 31. 12.,2008,Karlovarský kraj,Františkovy Lázně,5608
Františkovy Lázně,Františkovy Lázně,Population as at 31. 12.,2007,Karlovarský kraj,Františkovy Lázně,5592
Františkovy Lázně,Františkovy Lázně,Population as at 31. 12.,2006,Karlovarský kraj,Františkovy Lázně,5500
Františkovy Lázně,Františkovy Lázně,Population as at 31. 12.,2005,Karlovarský kraj,Františkovy Lázně,5456
Františkovy Lázně,Františkovy Lázně,Population as at 31. 12.,2004,Karlovarský kraj,Františkovy Lázně,5428
Františkovy Lázně,Františkovy Lázně,Population as at 31. 12.,2003,Karlovarský kraj,Františkovy Lázně,5355
Františkovy Lázně,Františkovy Lázně,Population as at 31. 12.,2002,Karlovarský kraj,Františkovy Lázně,5325
Františkovy Lázně,Františkovy Lázně,Population as at 31. 12.,2001,Karlovarský kraj,Františkovy Lázně,5246
Františkovy Lázně,Františkovy Lázně,Population as at 31. 12.,2000,Karlovarský kraj,Františkovy Lázně,5243
Habartov,Habartov,Population as at 31. 12.,2022,Karlovarský kraj,Habartov,4729
Habartov,Habartov,Population as at 31. 12.,2021,Karlovarský kraj,Habartov,4687
Habartov,Habartov,Population as at 31. 12.,2020,Karlovarský kraj,Habartov,4845
Habartov,Habartov,Population as at 31. 12.,2019,Karlovarský kraj,Habartov,4876
Habartov,Habartov,Population as at 31. 12.,2018,Karlovarský kraj,Habartov,4846
Habartov,Habartov,Population as at 31. 12.,2017,Karlovarský kraj,Habartov,4868
Habartov,Habartov,Population as at 31. 12.,2016,Karlovarský kraj,Habartov,4906
Habartov,Habartov,Population as at 31. 12.,2015,Karlovarský kraj,Habartov,4889
Habartov,Habartov,Population as at 31. 12.,2014,Karlovarský kraj,Habartov,4927
Habartov,Habartov,Population as at 31. 12.,2013,Karlovarský kraj,Habartov,4942
Habartov,Habartov,Population as at 31. 12.,2012,Karlovarský kraj,Habartov,5032
Habartov,Habartov,Population as at 31. 12.,2011,Karlovarský kraj,Habartov,5117
Habartov,Habartov,Population as at 31. 12.,2010,Karlovarský kraj,Habartov,5269
Habartov,Habartov,Population as at 31. 12.,2009,Karlovarský kraj,Habartov,5238
Habartov,Habartov,Population as at 31. 12.,2008,Karlovarský kraj,Habartov,5242
Habartov,Habartov,Population as at 31. 12.,2007,Karlovarský kraj,Habartov,5289
Habartov,Habartov,Population as at 31. 12.,2006,Karlovarský kraj,Habartov,5322
Habartov,Habartov,Population as at 31. 12.,2005,Karlovarský kraj,Habartov,5319
Habartov,Habartov,Population as at 31. 12.,2004,Karlovarský kraj,Habartov,5314
Habartov,Habartov,Population as at 31. 12.,2003,Karlovarský kraj,Habartov,5337
Habartov,Habartov,Population as at 31. 12.,2002,Karlovarský kraj,Habartov,5334
Habartov,Habartov,Population as at 31. 12.,2001,Karlovarský kraj,Habartov,5372
Habartov,Habartov,Population as at 31. 12.,2000,Karlovarský kraj,Habartov,5456
Hazlov,Hazlov,Population as at 31. 12.,2022,Karlovarský kraj,Hazlov,1532
Hazlov,Hazlov,Population as at 31. 12.,2021,Karlovarský kraj,Hazlov,1512
Hazlov,Hazlov,Population as at 31. 12.,2020,Karlovarský kraj,Hazlov,1532
Hazlov,Hazlov,Population as at 31. 12.,2019,Karlovarský kraj,Hazlov,1566
Hazlov,Hazlov,Population as at 31. 12.,2018,Karlovarský kraj,Hazlov,1540
Hazlov,Hazlov,Population as at 31. 12.,2017,Karlovarský kraj,Hazlov,1526
Hazlov,Hazlov,Population as at 31. 12.,2016,Karlovarský kraj,Hazlov,1552
Hazlov,Hazlov,Population as at 31. 12.,2015,Karlovarský kraj,Hazlov,1559
Hazlov,Hazlov,Population as at 31. 12.,2014,Karlovarský kraj,Hazlov,1558
Hazlov,Hazlov,Population as at 31. 12.,2013,Karlovarský kraj,Hazlov,1576
Hazlov,Hazlov,Population as at 31. 12.,2012,Karlovarský kraj,Hazlov,1628
Hazlov,Hazlov,Population as at 31. 12.,2011,Karlovarský kraj,Hazlov,1640
Hazlov,Hazlov,Population as at 31. 12.,2010,Karlovarský kraj,Hazlov,1649
Hazlov,Hazlov,Population as at 31. 12.,2009,Karlovarský kraj,Hazlov,1654
Hazlov,Hazlov,Population as at 31. 12.,2008,Karlovarský kraj,Hazlov,1634
Hazlov,Hazlov,Population as at 31. 12.,2007,Karlovarský kraj,Hazlov,1627
Hazlov,Hazlov,Population as at 31. 12.,2006,Karlovarský kraj,Hazlov,1617
Hazlov,Hazlov,Population as at 31. 12.,2005,Karlovarský kraj,Hazlov,1616
Hazlov,Hazlov,Population as at 31. 12.,2004,Karlovarský kraj,Hazlov,1610
Hazlov,Hazlov,Population as at 31. 12.,2003,Karlovarský kraj,Hazlov,1583
Hazlov,Hazlov,Population as at 31. 12.,2002,Karlovarský kraj,Hazlov,1570
Hazlov,Hazlov,Population as at 31. 12.,2001,Karlovarský kraj,Hazlov,1581
Hazlov,Hazlov,Population as at 31. 12.,2000,Karlovarský kraj,Hazlov,1521
Horní Blatná,Horní Blatná,Population as at 31. 12.,2022,Karlovarský kraj,Horní Blatná,370
Horní Blatná,Horní Blatná,Population as at 31. 12.,2021,Karlovarský kraj,Horní Blatná,361
Horní Blatná,Horní Blatná,Population as at 31. 12.,2020,Karlovarský kraj,Horní Blatná,389
Horní Blatná,Horní Blatná,Population as at 31. 12.,2019,Karlovarský kraj,Horní Blatná,395
Horní Blatná,Horní Blatná,Population as at 31. 12.,2018,Karlovarský kraj,Horní Blatná,412
Horní Blatná,Horní Blatná,Population as at 31. 12.,2017,Karlovarský kraj,Horní Blatná,420
Horní Blatná,Horní Blatná,Population as at 31. 12.,2016,Karlovarský kraj,Horní Blatná,439
Horní Blatná,Horní Blatná,Population as at 31. 12.,2015,Karlovarský kraj,Horní Blatná,445
Horní Blatná,Horní Blatná,Population as at 31. 12.,2014,Karlovarský kraj,Horní Blatná,473
Horní Blatná,Horní Blatná,Population as at 31. 12.,2013,Karlovarský kraj,Horní Blatná,488
Horní Blatná,Horní Blatná,Population as at 31. 12.,2012,Karlovarský kraj,Horní Blatná,491
Horní Blatná,Horní Blatná,Population as at 31. 12.,2011,Karlovarský kraj,Horní Blatná,506
Horní Blatná,Horní Blatná,Population as at 31. 12.,2010,Karlovarský kraj,Horní Blatná,608
Horní Blatná,Horní Blatná,Population as at 31. 12.,2009,Karlovarský kraj,Horní Blatná,673
Horní Blatná,Horní Blatná,Population as at 31. 12.,2008,Karlovarský kraj,Horní Blatná,793
Horní Blatná,Horní Blatná,Population as at 31. 12.,2007,Karlovarský kraj,Horní Blatná,843
Horní Blatná,Horní Blatná,Population as at 31. 12.,2006,Karlovarský kraj,Horní Blatná,716
Horní Blatná,Horní Blatná,Population as at 31. 12.,2005,Karlovarský kraj,Horní Blatná,721
Horní Blatná,Horní Blatná,Population as at 31. 12.,2004,Karlovarský kraj,Horní Blatná,755
Horní Blatná,Horní Blatná,Population as at 31. 12.,2003,Karlovarský kraj,Horní Blatná,694
Horní Blatná,Horní Blatná,Population as at 31. 12.,2002,Karlovarský kraj,Horní Blatná,725
Horní Blatná,Horní Blatná,Population as at 31. 12.,2001,Karlovarský kraj,Horní Blatná,531
Horní Blatná,Horní Blatná,Population as at 31. 12.,2000,Karlovarský kraj,Horní Blatná,462
Horní Slavkov,Horní Slavkov,Population as at 31. 12.,2022,Karlovarský kraj,Horní Slavkov,5388
Horní Slavkov,Horní Slavkov,Population as at 31. 12.,2021,Karlovarský kraj,Horní Slavkov,5208
Horní Slavkov,Horní Slavkov,Population as at 31. 12.,2020,Karlovarský kraj,Horní Slavkov,5379
Horní Slavkov,Horní Slavkov,Population as at 31. 12.,2019,Karlovarský kraj,Horní Slavkov,5403
Horní Slavkov,Horní Slavkov,Population as at 31. 12.,2018,Karlovarský kraj,Horní Slavkov,5414
Horní Slavkov,Horní Slavkov,Population as at 31. 12.,2017,Karlovarský kraj,Horní Slavkov,5475
Horní Slavkov,Horní Slavkov,Population as at 31. 12.,2016,Karlovarský kraj,Horní Slavkov,5502
Horní Slavkov,Horní Slavkov,Population as at 31. 12.,2015,Karlovarský kraj,Horní Slavkov,5520
Horní Slavkov,Horní Slavkov,Population as at 31. 12.,2014,Karlovarský kraj,Horní Slavkov,5566
Horní Slavkov,Horní Slavkov,Population as at 31. 12.,2013,Karlovarský kraj,Horní Slavkov,5608
Horní Slavkov,Horní Slavkov,Population as at 31. 12.,2012,Karlovarský kraj,Horní Slavkov,5649
Horní Slavkov,Horní Slavkov,Population as at 31. 12.,2011,Karlovarský kraj,Horní Slavkov,5623
Horní Slavkov,Horní Slavkov,Population as at 31. 12.,2010,Karlovarský kraj,Horní Slavkov,5633
Horní Slavkov,Horní Slavkov,Population as at 31. 12.,2009,Karlovarský kraj,Horní Slavkov,5654
Horní Slavkov,Horní Slavkov,Population as at 31. 12.,2008,Karlovarský kraj,Horní Slavkov,5716
Horní Slavkov,Horní Slavkov,Population as at 31. 12.,2007,Karlovarský kraj,Horní Slavkov,5749
Horní Slavkov,Horní Slavkov,Population as at 31. 12.,2006,Karlovarský kraj,Horní Slavkov,5762
Horní Slavkov,Horní Slavkov,Population as at 31. 12.,2005,Karlovarský kraj,Horní Slavkov,5761
Horní Slavkov,Horní Slavkov,Population as at 31. 12.,2004,Karlovarský kraj,Horní Slavkov,5784
Horní Slavkov,Horní Slavkov,Population as at 31. 12.,2003,Karlovarský kraj,Horní Slavkov,5818
Horní Slavkov,Horní Slavkov,Population as at 31. 12.,2002,Karlovarský kraj,Horní Slavkov,5865
Horní Slavkov,Horní Slavkov,Population as at 31. 12.,2001,Karlovarský kraj,Horní Slavkov,5955
Horní Slavkov,Horní Slavkov,Population as at 31. 12.,2000,Karlovarský kraj,Horní Slavkov,6007
Hradiště,Hradiště,Population as at 31. 12.,2022,Plzeňský kraj,Hradiště,199
Hradiště,Hradiště,Population as at 31. 12.,2022,Plzeňský kraj,Hradiště,221
Hradiště,Hradiště,Population as at 31. 12.,2022,Plzeňský kraj,Hradiště,46
Hradiště,Hradiště,Population as at 31. 12.,2022,Středočeský kraj,Hradiště,28
Hradiště,Hradiště,Population as at 31. 12.,2022,Karlovarský kraj,Hradiště,0
Hradiště,Hradiště,Population as at 31. 12.,2021,Plzeňský kraj,Hradiště,195
Hradiště,Hradiště,Population as at 31. 12.,2021,Plzeňský kraj,Hradiště,218
Hradiště,Hradiště,Population as at 31. 12.,2021,Plzeňský kraj,Hradiště,35
Hradiště,Hradiště,Population as at 31. 12.,2021,Středočeský kraj,Hradiště,29
Hradiště,Hradiště,Population as at 31. 12.,2021,Karlovarský kraj,Hradiště,0
Hradiště,Hradiště,Population as at 31. 12.,2020,Plzeňský kraj,Hradiště,192
Hradiště,Hradiště,Population as at 31. 12.,2020,Plzeňský kraj,Hradiště,222
Hradiště,Hradiště,Population as at 31. 12.,2020,Plzeňský kraj,Hradiště,36
Hradiště,Hradiště,Population as at 31. 12.,2020,Středočeský kraj,Hradiště,28
Hradiště,Hradiště,Population as at 31. 12.,2020,Karlovarský kraj,Hradiště,0
Hradiště,Hradiště,Population as at 31. 12.,2019,Plzeňský kraj,Hradiště,181
Hradiště,Hradiště,Population as at 31. 12.,2019,Plzeňský kraj,Hradiště,225
Hradiště,Hradiště,Population as at 31. 12.,2019,Plzeňský kraj,Hradiště,36
Hradiště,Hradiště,Population as at 31. 12.,2019,Středočeský kraj,Hradiště,23
Hradiště,Hradiště,Population as at 31. 12.,2019,Karlovarský kraj,Hradiště,0
Hradiště,Hradiště,Population as at 31. 12.,2018,Plzeňský kraj,Hradiště,168
Hradiště,Hradiště,Population as at 31. 12.,2018,Plzeňský kraj,Hradiště,218
Hradiště,Hradiště,Population as at 31. 12.,2018,Plzeňský kraj,Hradiště,36
Hradiště,Hradiště,Population as at 31. 12.,2018,Středočeský kraj,Hradiště,24
Hradiště,Hradiště,Population as at 31. 12.,2018,Karlovarský kraj,Hradiště,0
Hradiště,Hradiště,Population as at 31. 12.,2017,Plzeňský kraj,Hradiště,164
Hradiště,Hradiště,Population as at 31. 12.,2017,Plzeňský kraj,Hradiště,210
Hradiště,Hradiště,Population as at 31. 12.,2017,Plzeňský kraj,Hradiště,30
Hradiště,Hradiště,Population as at 31. 12.,2017,Středočeský kraj,Hradiště,26
Hradiště,Hradiště,Population as at 31. 12.,2017,Karlovarský kraj,Hradiště,0
Hradiště,Hradiště,Population as at 31. 12.,2016,Plzeňský kraj,Hradiště,171
Hradiště,Hradiště,Population as at 31. 12.,2016,Plzeňský kraj,Hradiště,207
Hradiště,Hradiště,Population as at 31. 12.,2016,Plzeňský kraj,Hradiště,30
Hradiště,Hradiště,Population as at 31. 12.,2016,Středočeský kraj,Hradiště,28
Hradiště,Hradiště,Population as at 31. 12.,2016,Karlovarský kraj,Hradiště,0
Hradiště,Hradiště,Population as at 31. 12.,2015,Plzeňský kraj,Hradiště,164
Hradiště,Hradiště,Population as at 31. 12.,2015,Plzeňský kraj,Hradiště,208
Hradiště,Hradiště,Population as at 31. 12.,2015,Plzeňský kraj,Hradiště,32
Hradiště,Hradiště,Population as at 31. 12.,2015,Středočeský kraj,Hradiště,27
Hradiště,Hradiště,Population as at 31. 12.,2015,Karlovarský kraj,Hradiště,531
Hradiště,Hradiště,Population as at 31. 12.,2014,Plzeňský kraj,Hradiště,158
Hradiště,Hradiště,Population as at 31. 12.,2014,Plzeňský kraj,Hradiště,211
Hradiště,Hradiště,Population as at 31. 12.,2014,Plzeňský kraj,Hradiště,32
Hradiště,Hradiště,Population as at 31. 12.,2014,Středočeský kraj,Hradiště,29
Hradiště,Hradiště,Population as at 31. 12.,2014,Karlovarský kraj,Hradiště,548
Hradiště,Hradiště,Population as at 31. 12.,2013,Plzeňský kraj,Hradiště,163
Hradiště,Hradiště,Population as at 31. 12.,2013,Plzeňský kraj,Hradiště,215
Hradiště,Hradiště,Population as at 31. 12.,2013,Plzeňský kraj,Hradiště,33
Hradiště,Hradiště,Population as at 31. 12.,2013,Středočeský kraj,Hradiště,28
Hradiště,Hradiště,Population as at 31. 12.,2013,Karlovarský kraj,Hradiště,549
Hradiště,Hradiště,Population as at 31. 12.,2012,Plzeňský kraj,Hradiště,166
Hradiště,Hradiště,Population as at 31. 12.,2012,Plzeňský kraj,Hradiště,220
Hradiště,Hradiště,Population as at 31. 12.,2012,Plzeňský kraj,Hradiště,29
Hradiště,Hradiště,Population as at 31. 12.,2012,Středočeský kraj,Hradiště,28
Hradiště,Hradiště,Population as at 31. 12.,2012,Karlovarský kraj,Hradiště,542
Hradiště,Hradiště,Population as at 31. 12.,2011,Plzeňský kraj,Hradiště,169
Hradiště,Hradiště,Population as at 31. 12.,2011,Plzeňský kraj,Hradiště,225
Hradiště,Hradiště,Population as at 31. 12.,2011,Plzeňský kraj,Hradiště,29
Hradiště,Hradiště,Population as at 31. 12.,2011,Středočeský kraj,Hradiště,29
Hradiště,Hradiště,Population as at 31. 12.,2011,Karlovarský kraj,Hradiště,548
Hradiště,Hradiště,Population as at 31. 12.,2010,Plzeňský kraj,Hradiště,169
Hradiště,Hradiště,Population as at 31. 12.,2010,Plzeňský kraj,Hradiště,253
Hradiště,Hradiště,Population as at 31. 12.,2010,Plzeňský kraj,Hradiště,22
Hradiště,Hradiště,Population as at 31. 12.,2010,Středočeský kraj,Hradiště,30
Hradiště,Hradiště,Population as at 31. 12.,2010,Karlovarský kraj,Hradiště,599
Hradiště,Hradiště,Population as at 31. 12.,2009,Plzeňský kraj,Hradiště,166
Hradiště,Hradiště,Population as at 31. 12.,2009,Plzeňský kraj,Hradiště,266
Hradiště,Hradiště,Population as at 31. 12.,2009,Plzeňský kraj,Hradiště,25
Hradiště,Hradiště,Population as at 31. 12.,2009,Středočeský kraj,Hradiště,35
Hradiště,Hradiště,Population as at 31. 12.,2009,Karlovarský kraj,Hradiště,606
Hradiště,Hradiště,Population as at 31. 12.,2008,Plzeňský kraj,Hradiště,162
Hradiště,Hradiště,Population as at 31. 12.,2008,Plzeňský kraj,Hradiště,267
Hradiště,Hradiště,Population as at 31. 12.,2008,Plzeňský kraj,Hradiště,24
Hradiště,Hradiště,Population as at 31. 12.,2008,Středočeský kraj,Hradiště,35
Hradiště,Hradiště,Population as at 31. 12.,2008,Karlovarský kraj,Hradiště,613
Hradiště,Hradiště,Population as at 31. 12.,2007,Plzeňský kraj,Hradiště,162
Hradiště,Hradiště,Population as at 31. 12.,2007,Plzeňský kraj,Hradiště,263
Hradiště,Hradiště,Population as at 31. 12.,2007,Plzeňský kraj,Hradiště,25
Hradiště,Hradiště,Population as at 31. 12.,2007,Středočeský kraj,Hradiště,34
Hradiště,Hradiště,Population as at 31. 12.,2007,Karlovarský kraj,Hradiště,603
Hradiště,Hradiště,Population as at 31. 12.,2006,Plzeňský kraj,Hradiště,154
Hradiště,Hradiště,Population as at 31. 12.,2006,Plzeňský kraj,Hradiště,258
Hradiště,Hradiště,Population as at 31. 12.,2006,Plzeňský kraj,Hradiště,25
Hradiště,Hradiště,Population as at 31. 12.,2006,Středočeský kraj,Hradiště,38
Hradiště,Hradiště,Population as at 31. 12.,2006,Karlovarský kraj,Hradiště,598
Hradiště,Hradiště,Population as at 31. 12.,2005,Plzeňský kraj,Hradiště,157
Hradiště,Hradiště,Population as at 31. 12.,2005,Plzeňský kraj,Hradiště,259
Hradiště,Hradiště,Population as at 31. 12.,2005,Plzeňský kraj,Hradiště,25
Hradiště,Hradiště,Population as at 31. 12.,2005,Středočeský kraj,Hradiště,41
Hradiště,Hradiště,Population as at 31. 12.,2005,Karlovarský kraj,Hradiště,620
Hradiště,Hradiště,Population as at 31. 12.,2004,Plzeňský kraj,Hradiště,158
Hradiště,Hradiště,Population as at 31. 12.,2004,Plzeňský kraj,Hradiště,264
Hradiště,Hradiště,Population as at 31. 12.,2004,Plzeňský kraj,Hradiště,25
Hradiště,Hradiště,Population as at 31. 12.,2004,Středočeský kraj,Hradiště,42
Hradiště,Hradiště,Population as at 31. 12.,2004,Karlovarský kraj,Hradiště,619
Hradiště,Hradiště,Population as at 31. 12.,2003,Plzeňský kraj,Hradiště,154
Hradiště,Hradiště,Population as at 31. 12.,2003,Plzeňský kraj,Hradiště,251
Hradiště,Hradiště,Population as at 31. 12.,2003,Plzeňský kraj,Hradiště,26
Hradiště,Hradiště,Population as at 31. 12.,2003,Středočeský kraj,Hradiště,43
Hradiště,Hradiště,Population as at 31. 12.,2003,Karlovarský kraj,Hradiště,617
Hradiště,Hradiště,Population as at 31. 12.,2002,Plzeňský kraj,Hradiště,162
Hradiště,Hradiště,Population as at 31. 12.,2002,Plzeňský kraj,Hradiště,265
Hradiště,Hradiště,Population as at 31. 12.,2002,Plzeňský kraj,Hradiště,24
Hradiště,Hradiště,Population as at 31. 12.,2002,Středočeský kraj,Hradiště,42
Hradiště,Hradiště,Population as at 31. 12.,2002,Karlovarský kraj,Hradiště,612
Hradiště,Hradiště,Population as at 31. 12.,2001,Plzeňský kraj,Hradiště,165
Hradiště,Hradiště,Population as at 31. 12.,2001,Plzeňský kraj,Hradiště,271
Hradiště,Hradiště,Population as at 31. 12.,2001,Plzeňský kraj,Hradiště,24
Hradiště,Hradiště,Population as at 31. 12.,2001,Středočeský kraj,Hradiště,40
Hradiště,Hradiště,Population as at 31. 12.,2001,Karlovarský kraj,Hradiště,602
Hradiště,Hradiště,Population as at 31. 12.,2000,Plzeňský kraj,Hradiště,160
Hradiště,Hradiště,Population as at 31. 12.,2000,Plzeňský kraj,Hradiště,265
Hradiště,Hradiště,Population as at 31. 12.,2000,Plzeňský kraj,Hradiště,30
Hradiště,Hradiště,Population as at 31. 12.,2000,Středočeský kraj,Hradiště,38
Hradiště,Hradiště,Population as at 31. 12.,2000,Karlovarský kraj,Hradiště,633
Hroznětín,Hroznětín,Population as at 31. 12.,2022,Karlovarský kraj,Hroznětín,2096
Hroznětín,Hroznětín,Population as at 31. 12.,2021,Karlovarský kraj,Hroznětín,2053
Hroznětín,Hroznětín,Population as at 31. 12.,2020,Karlovarský kraj,Hroznětín,2061
Hroznětín,Hroznětín,Population as at 31. 12.,2019,Karlovarský kraj,Hroznětín,2031
Hroznětín,Hroznětín,Population as at 31. 12.,2018,Karlovarský kraj,Hroznětín,2041
Hroznětín,Hroznětín,Population as at 31. 12.,2017,Karlovarský kraj,Hroznětín,2026
Hroznětín,Hroznětín,Population as at 31. 12.,2016,Karlovarský kraj,Hroznětín,2006
Hroznětín,Hroznětín,Population as at 31. 12.,2015,Karlovarský kraj,Hroznětín,1960
Hroznětín,Hroznětín,Population as at 31. 12.,2014,Karlovarský kraj,Hroznětín,1943
Hroznětín,Hroznětín,Population as at 31. 12.,2013,Karlovarský kraj,Hroznětín,1918
Hroznětín,Hroznětín,Population as at 31. 12.,2012,Karlovarský kraj,Hroznětín,1910
Hroznětín,Hroznětín,Population as at 31. 12.,2011,Karlovarský kraj,Hroznětín,1922
Hroznětín,Hroznětín,Population as at 31. 12.,2010,Karlovarský kraj,Hroznětín,1952
Hroznětín,Hroznětín,Population as at 31. 12.,2009,Karlovarský kraj,Hroznětín,1931
Hroznětín,Hroznětín,Population as at 31. 12.,2008,Karlovarský kraj,Hroznětín,1906
Hroznětín,Hroznětín,Population as at 31. 12.,2007,Karlovarský kraj,Hroznětín,1865
Hroznětín,Hroznětín,Population as at 31. 12.,2006,Karlovarský kraj,Hroznětín,1816
Hroznětín,Hroznětín,Population as at 31. 12.,2005,Karlovarský kraj,Hroznětín,1820
Hroznětín,Hroznětín,Population as at 31. 12.,2004,Karlovarský kraj,Hroznětín,1764
Hroznětín,Hroznětín,Population as at 31. 12.,2003,Karlovarský kraj,Hroznětín,1721
Hroznětín,Hroznětín,Population as at 31. 12.,2002,Karlovarský kraj,Hroznětín,1705
Hroznětín,Hroznětín,Population as at 31. 12.,2001,Karlovarský kraj,Hroznětín,1654
Hroznětín,Hroznětín,Population as at 31. 12.,2000,Karlovarský kraj,Hroznětín,1586
Hájek,Hájek,Population as at 31. 12.,2022,Jihočeský kraj,Hájek,48
Hájek,Hájek,Population as at 31. 12.,2022,Karlovarský kraj,Hájek,643
Hájek,Hájek,Population as at 31. 12.,2021,Jihočeský kraj,Hájek,47
Hájek,Hájek,Population as at 31. 12.,2021,Karlovarský kraj,Hájek,643
Hájek,Hájek,Population as at 31. 12.,2020,Jihočeský kraj,Hájek,46
Hájek,Hájek,Population as at 31. 12.,2020,Karlovarský kraj,Hájek,641
Hájek,Hájek,Population as at 31. 12.,2019,Jihočeský kraj,Hájek,42
Hájek,Hájek,Population as at 31. 12.,2019,Karlovarský kraj,Hájek,631
Hájek,Hájek,Population as at 31. 12.,2018,Jihočeský kraj,Hájek,38
Hájek,Hájek,Population as at 31. 12.,2018,Karlovarský kraj,Hájek,623
Hájek,Hájek,Population as at 31. 12.,2017,Jihočeský kraj,Hájek,33
Hájek,Hájek,Population as at 31. 12.,2017,Karlovarský kraj,Hájek,618
Hájek,Hájek,Population as at 31. 12.,2016,Jihočeský kraj,Hájek,35
Hájek,Hájek,Population as at 31. 12.,2016,Karlovarský kraj,Hájek,616
Hájek,Hájek,Population as at 31. 12.,2015,Jihočeský kraj,Hájek,35
Hájek,Hájek,Population as at 31. 12.,2015,Karlovarský kraj,Hájek,616
Hájek,Hájek,Population as at 31. 12.,2014,Jihočeský kraj,Hájek,35
Hájek,Hájek,Population as at 31. 12.,2014,Karlovarský kraj,Hájek,610
Hájek,Hájek,Population as at 31. 12.,2013,Jihočeský kraj,Hájek,39
Hájek,Hájek,Population as at 31. 12.,2013,Karlovarský kraj,Hájek,587
Hájek,Hájek,Population as at 31. 12.,2012,Jihočeský kraj,Hájek,41
Hájek,Hájek,Population as at 31. 12.,2012,Karlovarský kraj,Hájek,552
Hájek,Hájek,Population as at 31. 12.,2011,Jihočeský kraj,Hájek,40
Hájek,Hájek,Population as at 31. 12.,2011,Karlovarský kraj,Hájek,525
Hájek,Hájek,Population as at 31. 12.,2010,Jihočeský kraj,Hájek,36
Hájek,Hájek,Population as at 31. 12.,2010,Karlovarský kraj,Hájek,512
Hájek,Hájek,Population as at 31. 12.,2009,Jihočeský kraj,Hájek,35
Hájek,Hájek,Population as at 31. 12.,2009,Karlovarský kraj,Hájek,483
Hájek,Hájek,Population as at 31. 12.,2008,Jihočeský kraj,Hájek,40
Hájek,Hájek,Population as at 31. 12.,2008,Karlovarský kraj,Hájek,478
Hájek,Hájek,Population as at 31. 12.,2007,Jihočeský kraj,Hájek,41
Hájek,Hájek,Population as at 31. 12.,2007,Karlovarský kraj,Hájek,458
Hájek,Hájek,Population as at 31. 12.,2006,Jihočeský kraj,Hájek,46
Hájek,Hájek,Population as at 31. 12.,2006,Karlovarský kraj,Hájek,443
Hájek,Hájek,Population as at 31. 12.,2005,Jihočeský kraj,Hájek,46
Hájek,Hájek,Population as at 31. 12.,2005,Karlovarský kraj,Hájek,436
Hájek,Hájek,Population as at 31. 12.,2004,Jihočeský kraj,Hájek,42
Hájek,Hájek,Population as at 31. 12.,2004,Karlovarský kraj,Hájek,410
Hájek,Hájek,Population as at 31. 12.,2003,Jihočeský kraj,Hájek,40
Hájek,Hájek,Population as at 31. 12.,2003,Karlovarský kraj,Hájek,397
Hájek,Hájek,Population as at 31. 12.,2002,Jihočeský kraj,Hájek,43
Hájek,Hájek,Population as at 31. 12.,2002,Karlovarský kraj,Hájek,403
Hájek,Hájek,Population as at 31. 12.,2001,Jihočeský kraj,Hájek,40
Hájek,Hájek,Population as at 31. 12.,2001,Karlovarský kraj,Hájek,396
Hájek,Hájek,Population as at 31. 12.,2000,Jihočeský kraj,Hájek,35
Hájek,Hájek,Population as at 31. 12.,2000,Karlovarský kraj,Hájek,330
Jindřichovice,Jindřichovice,Population as at 31. 12.,2022,Karlovarský kraj,Jindřichovice,516
Jindřichovice,Jindřichovice,Population as at 31. 12.,2022,Kraj Vysočina,Jindřichovice,91
Jindřichovice,Jindřichovice,Population as at 31. 12.,2021,Karlovarský kraj,Jindřichovice,506
Jindřichovice,Jindřichovice,Population as at 31. 12.,2021,Kraj Vysočina,Jindřichovice,93
Jindřichovice,Jindřichovice,Population as at 31. 12.,2020,Karlovarský kraj,Jindřichovice,505
Jindřichovice,Jindřichovice,Population as at 31. 12.,2020,Kraj Vysočina,Jindřichovice,92
Jindřichovice,Jindřichovice,Population as at 31. 12.,2019,Karlovarský kraj,Jindřichovice,504
Jindřichovice,Jindřichovice,Population as at 31. 12.,2019,Kraj Vysočina,Jindřichovice,99
Jindřichovice,Jindřichovice,Population as at 31. 12.,2018,Karlovarský kraj,Jindřichovice,491
Jindřichovice,Jindřichovice,Population as at 31. 12.,2018,Kraj Vysočina,Jindřichovice,94
Jindřichovice,Jindřichovice,Population as at 31. 12.,2017,Karlovarský kraj,Jindřichovice,480
Jindřichovice,Jindřichovice,Population as at 31. 12.,2017,Kraj Vysočina,Jindřichovice,93
Jindřichovice,Jindřichovice,Population as at 31. 12.,2016,Karlovarský kraj,Jindřichovice,478
Jindřichovice,Jindřichovice,Population as at 31. 12.,2016,Kraj Vysočina,Jindřichovice,90
Jindřichovice,Jindřichovice,Population as at 31. 12.,2015,Karlovarský kraj,Jindřichovice,476
Jindřichovice,Jindřichovice,Population as at 31. 12.,2015,Kraj Vysočina,Jindřichovice,90
Jindřichovice,Jindřichovice,Population as at 31. 12.,2014,Karlovarský kraj,Jindřichovice,475
Jindřichovice,Jindřichovice,Population as at 31. 12.,2014,Kraj Vysočina,Jindřichovice,93
Jindřichovice,Jindřichovice,Population as at 31. 12.,2013,Karlovarský kraj,Jindřichovice,462
Jindřichovice,Jindřichovice,Population as at 31. 12.,2013,Kraj Vysočina,Jindřichovice,90
Jindřichovice,Jindřichovice,Population as at 31. 12.,2012,Karlovarský kraj,Jindřichovice,481
Jindřichovice,Jindřichovice,Population as at 31. 12.,2012,Kraj Vysočina,Jindřichovice,94
Jindřichovice,Jindřichovice,Population as at 31. 12.,2011,Karlovarský kraj,Jindřichovice,488
Jindřichovice,Jindřichovice,Population as at 31. 12.,2011,Kraj Vysočina,Jindřichovice,89
Jindřichovice,Jindřichovice,Population as at 31. 12.,2010,Karlovarský kraj,Jindřichovice,506
Jindřichovice,Jindřichovice,Population as at 31. 12.,2010,Kraj Vysočina,Jindřichovice,89
Jindřichovice,Jindřichovice,Population as at 31. 12.,2009,Karlovarský kraj,Jindřichovice,513
Jindřichovice,Jindřichovice,Population as at 31. 12.,2009,Kraj Vysočina,Jindřichovice,86
Jindřichovice,Jindřichovice,Population as at 31. 12.,2008,Karlovarský kraj,Jindřichovice,504
Jindřichovice,Jindřichovice,Population as at 31. 12.,2008,Kraj Vysočina,Jindřichovice,87
Jindřichovice,Jindřichovice,Population as at 31. 12.,2007,Karlovarský kraj,Jindřichovice,492
Jindřichovice,Jindřichovice,Population as at 31. 12.,2007,Kraj Vysočina,Jindřichovice,83
Jindřichovice,Jindřichovice,Population as at 31. 12.,2006,Karlovarský kraj,Jindřichovice,487
Jindřichovice,Jindřichovice,Population as at 31. 12.,2006,Kraj Vysočina,Jindřichovice,81
Jindřichovice,Jindřichovice,Population as at 31. 12.,2005,Karlovarský kraj,Jindřichovice,481
Jindřichovice,Jindřichovice,Population as at 31. 12.,2005,Kraj Vysočina,Jindřichovice,85
Jindřichovice,Jindřichovice,Population as at 31. 12.,2004,Karlovarský kraj,Jindřichovice,462
Jindřichovice,Jindřichovice,Population as at 31. 12.,2004,Kraj Vysočina,Jindřichovice,92
Jindřichovice,Jindřichovice,Population as at 31. 12.,2003,Karlovarský kraj,Jindřichovice,439
Jindřichovice,Jindřichovice,Population as at 31. 12.,2003,Kraj Vysočina,Jindřichovice,94
Jindřichovice,Jindřichovice,Population as at 31. 12.,2002,Karlovarský kraj,Jindřichovice,418
Jindřichovice,Jindřichovice,Population as at 31. 12.,2002,Kraj Vysočina,Jindřichovice,97
Jindřichovice,Jindřichovice,Population as at 31. 12.,2001,Karlovarský kraj,Jindřichovice,403
Jindřichovice,Jindřichovice,Population as at 31. 12.,2001,Kraj Vysočina,Jindřichovice,98
Jindřichovice,Jindřichovice,Population as at 31. 12.,2000,Karlovarský kraj,Jindřichovice,386
Jindřichovice,Jindřichovice,Population as at 31. 12.,2000,Kraj Vysočina,Jindřichovice,98
Josefov,Josefov,Population as at 31. 12.,2022,Karlovarský kraj,Josefov,404
Josefov,Josefov,Population as at 31. 12.,2022,Jihomoravský kraj,Josefov,459
Josefov,Josefov,Population as at 31. 12.,2021,Karlovarský kraj,Josefov,403
Josefov,Josefov,Population as at 31. 12.,2021,Jihomoravský kraj,Josefov,450
Josefov,Josefov,Population as at 31. 12.,2020,Karlovarský kraj,Josefov,384
Josefov,Josefov,Population as at 31. 12.,2020,Jihomoravský kraj,Josefov,445
Josefov,Josefov,Population as at 31. 12.,2019,Karlovarský kraj,Josefov,383
Josefov,Josefov,Population as at 31. 12.,2019,Jihomoravský kraj,Josefov,430
Josefov,Josefov,Population as at 31. 12.,2018,Karlovarský kraj,Josefov,384
Josefov,Josefov,Population as at 31. 12.,2018,Jihomoravský kraj,Josefov,412
Josefov,Josefov,Population as at 31. 12.,2017,Karlovarský kraj,Josefov,367
Josefov,Josefov,Population as at 31. 12.,2017,Jihomoravský kraj,Josefov,407
Josefov,Josefov,Population as at 31. 12.,2016,Karlovarský kraj,Josefov,364
Josefov,Josefov,Population as at 31. 12.,2016,Jihomoravský kraj,Josefov,410
Josefov,Josefov,Population as at 31. 12.,2015,Karlovarský kraj,Josefov,358
Josefov,Josefov,Population as at 31. 12.,2015,Jihomoravský kraj,Josefov,412
Josefov,Josefov,Population as at 31. 12.,2014,Karlovarský kraj,Josefov,365
Josefov,Josefov,Population as at 31. 12.,2014,Jihomoravský kraj,Josefov,413
Josefov,Josefov,Population as at 31. 12.,2013,Karlovarský kraj,Josefov,355
Josefov,Josefov,Population as at 31. 12.,2013,Jihomoravský kraj,Josefov,418
Josefov,Josefov,Population as at 31. 12.,2012,Karlovarský kraj,Josefov,358
Josefov,Josefov,Population as at 31. 12.,2012,Jihomoravský kraj,Josefov,414
Josefov,Josefov,Population as at 31. 12.,2011,Karlovarský kraj,Josefov,354
Josefov,Josefov,Population as at 31. 12.,2011,Jihomoravský kraj,Josefov,416
Josefov,Josefov,Population as at 31. 12.,2010,Karlovarský kraj,Josefov,328
Josefov,Josefov,Population as at 31. 12.,2010,Jihomoravský kraj,Josefov,416
Josefov,Josefov,Population as at 31. 12.,2009,Karlovarský kraj,Josefov,332
Josefov,Josefov,Population as at 31. 12.,2009,Jihomoravský kraj,Josefov,415
Josefov,Josefov,Population as at 31. 12.,2008,Karlovarský kraj,Josefov,315
Josefov,Josefov,Population as at 31. 12.,2008,Jihomoravský kraj,Josefov,414
Josefov,Josefov,Population as at 31. 12.,2007,Karlovarský kraj,Josefov,307
Josefov,Josefov,Population as at 31. 12.,2007,Jihomoravský kraj,Josefov,399
Josefov,Josefov,Population as at 31. 12.,2006,Karlovarský kraj,Josefov,302
Josefov,Josefov,Population as at 31. 12.,2006,Jihomoravský kraj,Josefov,392
Josefov,Josefov,Population as at 31. 12.,2005,Karlovarský kraj,Josefov,305
Josefov,Josefov,Population as at 31. 12.,2005,Jihomoravský kraj,Josefov,390
Josefov,Josefov,Population as at 31. 12.,2004,Karlovarský kraj,Josefov,300
Josefov,Josefov,Population as at 31. 12.,2004,Jihomoravský kraj,Josefov,385
Josefov,Josefov,Population as at 31. 12.,2003,Karlovarský kraj,Josefov,295
Josefov,Josefov,Population as at 31. 12.,2003,Jihomoravský kraj,Josefov,385
Josefov,Josefov,Population as at 31. 12.,2002,Karlovarský kraj,Josefov,302
Josefov,Josefov,Population as at 31. 12.,2002,Jihomoravský kraj,Josefov,390
Josefov,Josefov,Population as at 31. 12.,2001,Karlovarský kraj,Josefov,304
Josefov,Josefov,Population as at 31. 12.,2001,Jihomoravský kraj,Josefov,382
Josefov,Josefov,Population as at 31. 12.,2000,Karlovarský kraj,Josefov,312
Josefov,Josefov,Population as at 31. 12.,2000,Jihomoravský kraj,Josefov,369
Jáchymov,Jáchymov,Population as at 31. 12.,2022,Karlovarský kraj,Jáchymov,2396
Jáchymov,Jáchymov,Population as at 31. 12.,2021,Karlovarský kraj,Jáchymov,2315
Jáchymov,Jáchymov,Population as at 31. 12.,2020,Karlovarský kraj,Jáchymov,2381
Jáchymov,Jáchymov,Population as at 31. 12.,2019,Karlovarský kraj,Jáchymov,2470
Jáchymov,Jáchymov,Population as at 31. 12.,2018,Karlovarský kraj,Jáchymov,2511
Jáchymov,Jáchymov,Population as at 31. 12.,2017,Karlovarský kraj,Jáchymov,2549
Jáchymov,Jáchymov,Population as at 31. 12.,2016,Karlovarský kraj,Jáchymov,2586
Jáchymov,Jáchymov,Population as at 31. 12.,2015,Karlovarský kraj,Jáchymov,2664
Jáchymov,Jáchymov,Population as at 31. 12.,2014,Karlovarský kraj,Jáchymov,2755
Jáchymov,Jáchymov,Population as at 31. 12.,2013,Karlovarský kraj,Jáchymov,2815
Jáchymov,Jáchymov,Population as at 31. 12.,2012,Karlovarský kraj,Jáchymov,2902
Jáchymov,Jáchymov,Population as at 31. 12.,2011,Karlovarský kraj,Jáchymov,2958
Jáchymov,Jáchymov,Population as at 31. 12.,2010,Karlovarský kraj,Jáchymov,3115
Jáchymov,Jáchymov,Population as at 31. 12.,2009,Karlovarský kraj,Jáchymov,3194
Jáchymov,Jáchymov,Population as at 31. 12.,2008,Karlovarský kraj,Jáchymov,3276
Jáchymov,Jáchymov,Population as at 31. 12.,2007,Karlovarský kraj,Jáchymov,3255
Jáchymov,Jáchymov,Population as at 31. 12.,2006,Karlovarský kraj,Jáchymov,3176
Jáchymov,Jáchymov,Population as at 31. 12.,2005,Karlovarský kraj,Jáchymov,3197
Jáchymov,Jáchymov,Population as at 31. 12.,2004,Karlovarský kraj,Jáchymov,3236
Jáchymov,Jáchymov,Population as at 31. 12.,2003,Karlovarský kraj,Jáchymov,3143
Jáchymov,Jáchymov,Population as at 31. 12.,2002,Karlovarský kraj,Jáchymov,3107
Jáchymov,Jáchymov,Population as at 31. 12.,2001,Karlovarský kraj,Jáchymov,2917
Jáchymov,Jáchymov,Population as at 31. 12.,2000,Karlovarský kraj,Jáchymov,2914
Kaceřov,Kaceřov,Population as at 31. 12.,2022,Plzeňský kraj,Kaceřov,151
Kaceřov,Kaceřov,Population as at 31. 12.,2022,Karlovarský kraj,Kaceřov,416
Kaceřov,Kaceřov,Population as at 31. 12.,2021,Plzeňský kraj,Kaceřov,154
Kaceřov,Kaceřov,Population as at 31. 12.,2021,Karlovarský kraj,Kaceřov,424
Kaceřov,Kaceřov,Population as at 31. 12.,2020,Plzeňský kraj,Kaceřov,149
Kaceřov,Kaceřov,Population as at 31. 12.,2020,Karlovarský kraj,Kaceřov,434
Kaceřov,Kaceřov,Population as at 31. 12.,2019,Plzeňský kraj,Kaceřov,150
Kaceřov,Kaceřov,Population as at 31. 12.,2019,Karlovarský kraj,Kaceřov,442
Kaceřov,Kaceřov,Population as at 31. 12.,2018,Plzeňský kraj,Kaceřov,143
Kaceřov,Kaceřov,Population as at 31. 12.,2018,Karlovarský kraj,Kaceřov,436
Kaceřov,Kaceřov,Population as at 31. 12.,2017,Plzeňský kraj,Kaceřov,140
Kaceřov,Kaceřov,Population as at 31. 12.,2017,Karlovarský kraj,Kaceřov,448
Kaceřov,Kaceřov,Population as at 31. 12.,2016,Plzeňský kraj,Kaceřov,140
Kaceřov,Kaceřov,Population as at 31. 12.,2016,Karlovarský kraj,Kaceřov,453
Kaceřov,Kaceřov,Population as at 31. 12.,2015,Plzeňský kraj,Kaceřov,140
Kaceřov,Kaceřov,Population as at 31. 12.,2015,Karlovarský kraj,Kaceřov,456
Kaceřov,Kaceřov,Population as at 31. 12.,2014,Plzeňský kraj,Kaceřov,138
Kaceřov,Kaceřov,Population as at 31. 12.,2014,Karlovarský kraj,Kaceřov,450
Kaceřov,Kaceřov,Population as at 31. 12.,2013,Plzeňský kraj,Kaceřov,134
Kaceřov,Kaceřov,Population as at 31. 12.,2013,Karlovarský kraj,Kaceřov,439
Kaceřov,Kaceřov,Population as at 31. 12.,2012,Plzeňský kraj,Kaceřov,129
Kaceřov,Kaceřov,Population as at 31. 12.,2012,Karlovarský kraj,Kaceřov,441
Kaceřov,Kaceřov,Population as at 31. 12.,2011,Plzeňský kraj,Kaceřov,124
Kaceřov,Kaceřov,Population as at 31. 12.,2011,Karlovarský kraj,Kaceřov,442
Kaceřov,Kaceřov,Population as at 31. 12.,2010,Plzeňský kraj,Kaceřov,122
Kaceřov,Kaceřov,Population as at 31. 12.,2010,Karlovarský kraj,Kaceřov,448
Kaceřov,Kaceřov,Population as at 31. 12.,2009,Plzeňský kraj,Kaceřov,116
Kaceřov,Kaceřov,Population as at 31. 12.,2009,Karlovarský kraj,Kaceřov,438
Kaceřov,Kaceřov,Population as at 31. 12.,2008,Plzeňský kraj,Kaceřov,117
Kaceřov,Kaceřov,Population as at 31. 12.,2008,Karlovarský kraj,Kaceřov,443
Kaceřov,Kaceřov,Population as at 31. 12.,2007,Plzeňský kraj,Kaceřov,117
Kaceřov,Kaceřov,Population as at 31. 12.,2007,Karlovarský kraj,Kaceřov,437
Kaceřov,Kaceřov,Population as at 31. 12.,2006,Plzeňský kraj,Kaceřov,114
Kaceřov,Kaceřov,Population as at 31. 12.,2006,Karlovarský kraj,Kaceřov,429
Kaceřov,Kaceřov,Population as at 31. 12.,2005,Plzeňský kraj,Kaceřov,115
Kaceřov,Kaceřov,Population as at 31. 12.,2005,Karlovarský kraj,Kaceřov,416
Kaceřov,Kaceřov,Population as at 31. 12.,2004,Plzeňský kraj,Kaceřov,117
Kaceřov,Kaceřov,Population as at 31. 12.,2004,Karlovarský kraj,Kaceřov,421
Kaceřov,Kaceřov,Population as at 31. 12.,2003,Plzeňský kraj,Kaceřov,123
Kaceřov,Kaceřov,Population as at 31. 12.,2003,Karlovarský kraj,Kaceřov,423
Kaceřov,Kaceřov,Population as at 31. 12.,2002,Plzeňský kraj,Kaceřov,119
Kaceřov,Kaceřov,Population as at 31. 12.,2002,Karlovarský kraj,Kaceřov,418
Kaceřov,Kaceřov,Population as at 31. 12.,2001,Plzeňský kraj,Kaceřov,114
Kaceřov,Kaceřov,Population as at 31. 12.,2001,Karlovarský kraj,Kaceřov,427
Kaceřov,Kaceřov,Population as at 31. 12.,2000,Plzeňský kraj,Kaceřov,104
Kaceřov,Kaceřov,Population as at 31. 12.,2000,Karlovarský kraj,Kaceřov,433
Karlovy Vary,Karlovy Vary,Population as at 31. 12.,2022,Karlovarský kraj,Karlovy Vary,49043
Karlovy Vary,Karlovy Vary,Population as at 31. 12.,2021,Karlovarský kraj,Karlovy Vary,45500
Karlovy Vary,Karlovy Vary,Population as at 31. 12.,2020,Karlovarský kraj,Karlovy Vary,48319
Karlovy Vary,Karlovy Vary,Population as at 31. 12.,2019,Karlovarský kraj,Karlovy Vary,48479
Karlovy Vary,Karlovy Vary,Population as at 31. 12.,2018,Karlovarský kraj,Karlovy Vary,48501
Karlovy Vary,Karlovy Vary,Population as at 31. 12.,2017,Karlovarský kraj,Karlovy Vary,48776
Karlovy Vary,Karlovy Vary,Population as at 31. 12.,2016,Karlovarský kraj,Karlovy Vary,49046
Karlovy Vary,Karlovy Vary,Population as at 31. 12.,2015,Karlovarský kraj,Karlovy Vary,49326
Karlovy Vary,Karlovy Vary,Population as at 31. 12.,2014,Karlovarský kraj,Karlovy Vary,49781
Karlovy Vary,Karlovy Vary,Population as at 31. 12.,2013,Karlovarský kraj,Karlovy Vary,49864
Karlovy Vary,Karlovy Vary,Population as at 31. 12.,2012,Karlovarský kraj,Karlovy Vary,50172
Karlovy Vary,Karlovy Vary,Population as at 31. 12.,2011,Karlovarský kraj,Karlovy Vary,50594
Karlovy Vary,Karlovy Vary,Population as at 31. 12.,2010,Karlovarský kraj,Karlovy Vary,51115
Karlovy Vary,Karlovy Vary,Population as at 31. 12.,2009,Karlovarský kraj,Karlovy Vary,51320
Karlovy Vary,Karlovy Vary,Population as at 31. 12.,2008,Karlovarský kraj,Karlovy Vary,51459
Karlovy Vary,Karlovy Vary,Population as at 31. 12.,2007,Karlovarský kraj,Karlovy Vary,51202
Karlovy Vary,Karlovy Vary,Population as at 31. 12.,2006,Karlovarský kraj,Karlovy Vary,50691
Karlovy Vary,Karlovy Vary,Population as at 31. 12.,2005,Karlovarský kraj,Karlovy Vary,50893
Karlovy Vary,Karlovy Vary,Population as at 31. 12.,2004,Karlovarský kraj,Karlovy Vary,51537
Karlovy Vary,Karlovy Vary,Population as at 31. 12.,2003,Karlovarský kraj,Karlovy Vary,51807
Karlovy Vary,Karlovy Vary,Population as at 31. 12.,2002,Karlovarský kraj,Karlovy Vary,52359
Karlovy Vary,Karlovy Vary,Population as at 31. 12.,2001,Karlovarský kraj,Karlovy Vary,52906
Karlovy Vary,Karlovy Vary,Population as at 31. 12.,2000,Karlovarský kraj,Karlovy Vary,54150
Kolová,Kolová,Population as at 31. 12.,2022,Karlovarský kraj,Kolová,874
Kolová,Kolová,Population as at 31. 12.,2021,Karlovarský kraj,Kolová,824
Kolová,Kolová,Population as at 31. 12.,2020,Karlovarský kraj,Kolová,791
Kolová,Kolová,Population as at 31. 12.,2019,Karlovarský kraj,Kolová,790
Kolová,Kolová,Population as at 31. 12.,2018,Karlovarský kraj,Kolová,763
Kolová,Kolová,Population as at 31. 12.,2017,Karlovarský kraj,Kolová,731
Kolová,Kolová,Population as at 31. 12.,2016,Karlovarský kraj,Kolová,701
Kolová,Kolová,Population as at 31. 12.,2015,Karlovarský kraj,Kolová,713
Kolová,Kolová,Population as at 31. 12.,2014,Karlovarský kraj,Kolová,709
Kolová,Kolová,Population as at 31. 12.,2013,Karlovarský kraj,Kolová,715
Kolová,Kolová,Population as at 31. 12.,2012,Karlovarský kraj,Kolová,707
Kolová,Kolová,Population as at 31. 12.,2011,Karlovarský kraj,Kolová,706
Kolová,Kolová,Population as at 31. 12.,2010,Karlovarský kraj,Kolová,698
Kolová,Kolová,Population as at 31. 12.,2009,Karlovarský kraj,Kolová,692
Kolová,Kolová,Population as at 31. 12.,2008,Karlovarský kraj,Kolová,701
Kolová,Kolová,Population as at 31. 12.,2007,Karlovarský kraj,Kolová,687
Kolová,Kolová,Population as at 31. 12.,2006,Karlovarský kraj,Kolová,661
Kolová,Kolová,Population as at 31. 12.,2005,Karlovarský kraj,Kolová,646
Kolová,Kolová,Population as at 31. 12.,2004,Karlovarský kraj,Kolová,629
Kolová,Kolová,Population as at 31. 12.,2003,Karlovarský kraj,Kolová,622
Kolová,Kolová,Population as at 31. 12.,2002,Karlovarský kraj,Kolová,582
Kolová,Kolová,Population as at 31. 12.,2001,Karlovarský kraj,Kolová,573
Kolová,Kolová,Population as at 31. 12.,2000,Karlovarský kraj,Kolová,566
Krajková,Krajková,Population as at 31. 12.,2022,Karlovarský kraj,Krajková,919
Krajková,Krajková,Population as at 31. 12.,2021,Karlovarský kraj,Krajková,915
Krajková,Krajková,Population as at 31. 12.,2020,Karlovarský kraj,Krajková,963
Krajková,Krajková,Population as at 31. 12.,2019,Karlovarský kraj,Krajková,967
Krajková,Krajková,Population as at 31. 12.,2018,Karlovarský kraj,Krajková,962
Krajková,Krajková,Population as at 31. 12.,2017,Karlovarský kraj,Krajková,943
Krajková,Krajková,Population as at 31. 12.,2016,Karlovarský kraj,Krajková,923
Krajková,Krajková,Population as at 31. 12.,2015,Karlovarský kraj,Krajková,906
Krajková,Krajková,Population as at 31. 12.,2014,Karlovarský kraj,Krajková,911
Krajková,Krajková,Population as at 31. 12.,2013,Karlovarský kraj,Krajková,909
Krajková,Krajková,Population as at 31. 12.,2012,Karlovarský kraj,Krajková,900
Krajková,Krajková,Population as at 31. 12.,2011,Karlovarský kraj,Krajková,905
Krajková,Krajková,Population as at 31. 12.,2010,Karlovarský kraj,Krajková,879
Krajková,Krajková,Population as at 31. 12.,2009,Karlovarský kraj,Krajková,890
Krajková,Krajková,Population as at 31. 12.,2008,Karlovarský kraj,Krajková,881
Krajková,Krajková,Population as at 31. 12.,2007,Karlovarský kraj,Krajková,897
Krajková,Krajková,Population as at 31. 12.,2006,Karlovarský kraj,Krajková,893
Krajková,Krajková,Population as at 31. 12.,2005,Karlovarský kraj,Krajková,928
Krajková,Krajková,Population as at 31. 12.,2004,Karlovarský kraj,Krajková,894
Krajková,Krajková,Population as at 31. 12.,2003,Karlovarský kraj,Krajková,864
Krajková,Krajková,Population as at 31. 12.,2002,Karlovarský kraj,Krajková,869
Krajková,Krajková,Population as at 31. 12.,2001,Karlovarský kraj,Krajková,838
Krajková,Krajková,Population as at 31. 12.,2000,Karlovarský kraj,Krajková,847
Kraslice,Kraslice,Population as at 31. 12.,2022,Karlovarský kraj,Kraslice,6614
Kraslice,Kraslice,Population as at 31. 12.,2021,Karlovarský kraj,Kraslice,6537
Kraslice,Kraslice,Population as at 31. 12.,2020,Karlovarský kraj,Kraslice,6705
Kraslice,Kraslice,Population as at 31. 12.,2019,Karlovarský kraj,Kraslice,6767
Kraslice,Kraslice,Population as at 31. 12.,2018,Karlovarský kraj,Kraslice,6749
Kraslice,Kraslice,Population as at 31. 12.,2017,Karlovarský kraj,Kraslice,6802
Kraslice,Kraslice,Population as at 31. 12.,2016,Karlovarský kraj,Kraslice,6802
Kraslice,Kraslice,Population as at 31. 12.,2015,Karlovarský kraj,Kraslice,6885
Kraslice,Kraslice,Population as at 31. 12.,2014,Karlovarský kraj,Kraslice,6920
Kraslice,Kraslice,Population as at 31. 12.,2013,Karlovarský kraj,Kraslice,6952
Kraslice,Kraslice,Population as at 31. 12.,2012,Karlovarský kraj,Kraslice,6932
Kraslice,Kraslice,Population as at 31. 12.,2011,Karlovarský kraj,Kraslice,6905
Kraslice,Kraslice,Population as at 31. 12.,2010,Karlovarský kraj,Kraslice,7053
Kraslice,Kraslice,Population as at 31. 12.,2009,Karlovarský kraj,Kraslice,7074
Kraslice,Kraslice,Population as at 31. 12.,2008,Karlovarský kraj,Kraslice,7108
Kraslice,Kraslice,Population as at 31. 12.,2007,Karlovarský kraj,Kraslice,7120
Kraslice,Kraslice,Population as at 31. 12.,2006,Karlovarský kraj,Kraslice,7197
Kraslice,Kraslice,Population as at 31. 12.,2005,Karlovarský kraj,Kraslice,7204
Kraslice,Kraslice,Population as at 31. 12.,2004,Karlovarský kraj,Kraslice,7155
Kraslice,Kraslice,Population as at 31. 12.,2003,Karlovarský kraj,Kraslice,7159
Kraslice,Kraslice,Population as at 31. 12.,2002,Karlovarský kraj,Kraslice,7128
Kraslice,Kraslice,Population as at 31. 12.,2001,Karlovarský kraj,Kraslice,7222
Kraslice,Kraslice,Population as at 31. 12.,2000,Karlovarský kraj,Kraslice,7323
Královské Poříčí,Královské Poříčí,Population as at 31. 12.,2022,Karlovarský kraj,Královské Poříčí,774
Královské Poříčí,Královské Poříčí,Population as at 31. 12.,2021,Karlovarský kraj,Královské Poříčí,775
Královské Poříčí,Královské Poříčí,Population as at 31. 12.,2020,Karlovarský kraj,Královské Poříčí,777
Královské Poříčí,Královské Poříčí,Population as at 31. 12.,2019,Karlovarský kraj,Královské Poříčí,789
Královské Poříčí,Královské Poříčí,Population as at 31. 12.,2018,Karlovarský kraj,Královské Poříčí,785
Královské Poříčí,Královské Poříčí,Population as at 31. 12.,2017,Karlovarský kraj,Královské Poříčí,796
Královské Poříčí,Královské Poříčí,Population as at 31. 12.,2016,Karlovarský kraj,Královské Poříčí,799
Královské Poříčí,Královské Poříčí,Population as at 31. 12.,2015,Karlovarský kraj,Královské Poříčí,811
Královské Poříčí,Královské Poříčí,Population as at 31. 12.,2014,Karlovarský kraj,Královské Poříčí,819
Královské Poříčí,Královské Poříčí,Population as at 31. 12.,2013,Karlovarský kraj,Královské Poříčí,836
Královské Poříčí,Královské Poříčí,Population as at 31. 12.,2012,Karlovarský kraj,Královské Poříčí,852
Královské Poříčí,Královské Poříčí,Population as at 31. 12.,2011,Karlovarský kraj,Královské Poříčí,846
Královské Poříčí,Královské Poříčí,Population as at 31. 12.,2010,Karlovarský kraj,Královské Poříčí,862
Královské Poříčí,Královské Poříčí,Population as at 31. 12.,2009,Karlovarský kraj,Královské Poříčí,862
Královské Poříčí,Královské Poříčí,Population as at 31. 12.,2008,Karlovarský kraj,Královské Poříčí,843
Královské Poříčí,Královské Poříčí,Population as at 31. 12.,2007,Karlovarský kraj,Královské Poříčí,820
Královské Poříčí,Královské Poříčí,Population as at 31. 12.,2006,Karlovarský kraj,Královské Poříčí,804
Královské Poříčí,Královské Poříčí,Population as at 31. 12.,2005,Karlovarský kraj,Královské Poříčí,780
Královské Poříčí,Královské Poříčí,Population as at 31. 12.,2004,Karlovarský kraj,Královské Poříčí,762
Královské Poříčí,Královské Poříčí,Population as at 31. 12.,2003,Karlovarský kraj,Královské Poříčí,728
Královské Poříčí,Královské Poříčí,Population as at 31. 12.,2002,Karlovarský kraj,Královské Poříčí,711
Královské Poříčí,Královské Poříčí,Population as at 31. 12.,2001,Karlovarský kraj,Královské Poříčí,711
Královské Poříčí,Královské Poříčí,Population as at 31. 12.,2000,Karlovarský kraj,Královské Poříčí,696
Krásno,Krásno,Population as at 31. 12.,2022,Karlovarský kraj,Krásno,700
Krásno,Krásno,Population as at 31. 12.,2021,Karlovarský kraj,Krásno,689
Krásno,Krásno,Population as at 31. 12.,2020,Karlovarský kraj,Krásno,716
Krásno,Krásno,Population as at 31. 12.,2019,Karlovarský kraj,Krásno,715
Krásno,Krásno,Population as at 31. 12.,2018,Karlovarský kraj,Krásno,709
Krásno,Krásno,Population as at 31. 12.,2017,Karlovarský kraj,Krásno,697
Krásno,Krásno,Population as at 31. 12.,2016,Karlovarský kraj,Krásno,692
Krásno,Krásno,Population as at 31. 12.,2015,Karlovarský kraj,Krásno,708
Krásno,Krásno,Population as at 31. 12.,2014,Karlovarský kraj,Krásno,715
Krásno,Krásno,Population as at 31. 12.,2013,Karlovarský kraj,Krásno,730
Krásno,Krásno,Population as at 31. 12.,2012,Karlovarský kraj,Krásno,736
Krásno,Krásno,Population as at 31. 12.,2011,Karlovarský kraj,Krásno,737
Krásno,Krásno,Population as at 31. 12.,2010,Karlovarský kraj,Krásno,751
Krásno,Krásno,Population as at 31. 12.,2009,Karlovarský kraj,Krásno,726
Krásno,Krásno,Population as at 31. 12.,2008,Karlovarský kraj,Krásno,724
Krásno,Krásno,Population as at 31. 12.,2007,Karlovarský kraj,Krásno,725
Krásno,Krásno,Population as at 31. 12.,2006,Karlovarský kraj,Krásno,716
Krásno,Krásno,Population as at 31. 12.,2005,Karlovarský kraj,Krásno,713
Krásno,Krásno,Population as at 31. 12.,2004,Karlovarský kraj,Krásno,701
Krásno,Krásno,Population as at 31. 12.,2003,Karlovarský kraj,Krásno,670
Krásno,Krásno,Population as at 31. 12.,2002,Karlovarský kraj,Krásno,658
Krásno,Krásno,Population as at 31. 12.,2001,Karlovarský kraj,Krásno,640
Krásno,Krásno,Population as at 31. 12.,2000,Karlovarský kraj,Krásno,630
Kynšperk Nad Ohří,Kynšperk Nad Ohří,Population as at 31. 12.,2022,Karlovarský kraj,Kynšperk nad Ohří,4568
Kynšperk Nad Ohří,Kynšperk Nad Ohří,Population as at 31. 12.,2021,Karlovarský kraj,Kynšperk nad Ohří,4590
Kynšperk Nad Ohří,Kynšperk Nad Ohří,Population as at 31. 12.,2020,Karlovarský kraj,Kynšperk nad Ohří,4739
Kynšperk Nad Ohří,Kynšperk Nad Ohří,Population as at 31. 12.,2019,Karlovarský kraj,Kynšperk nad Ohří,4799
Kynšperk Nad Ohří,Kynšperk Nad Ohří,Population as at 31. 12.,2018,Karlovarský kraj,Kynšperk nad Ohří,4789
Kynšperk Nad Ohří,Kynšperk Nad Ohří,Population as at 31. 12.,2017,Karlovarský kraj,Kynšperk nad Ohří,4804
Kynšperk Nad Ohří,Kynšperk Nad Ohří,Population as at 31. 12.,2016,Karlovarský kraj,Kynšperk nad Ohří,4817
Kynšperk Nad Ohří,Kynšperk Nad Ohří,Population as at 31. 12.,2015,Karlovarský kraj,Kynšperk nad Ohří,4844
Kynšperk Nad Ohří,Kynšperk Nad Ohří,Population as at 31. 12.,2014,Karlovarský kraj,Kynšperk nad Ohří,4913
Kynšperk Nad Ohří,Kynšperk Nad Ohří,Population as at 31. 12.,2013,Karlovarský kraj,Kynšperk nad Ohří,4913
Kynšperk Nad Ohří,Kynšperk Nad Ohří,Population as at 31. 12.,2012,Karlovarský kraj,Kynšperk nad Ohří,4939
Kynšperk Nad Ohří,Kynšperk Nad Ohří,Population as at 31. 12.,2011,Karlovarský kraj,Kynšperk nad Ohří,5002
Kynšperk Nad Ohří,Kynšperk Nad Ohří,Population as at 31. 12.,2010,Karlovarský kraj,Kynšperk nad Ohří,4969
Kynšperk Nad Ohří,Kynšperk Nad Ohří,Population as at 31. 12.,2009,Karlovarský kraj,Kynšperk nad Ohří,5036
Kynšperk Nad Ohří,Kynšperk Nad Ohří,Population as at 31. 12.,2008,Karlovarský kraj,Kynšperk nad Ohří,5034
Kynšperk Nad Ohří,Kynšperk Nad Ohří,Population as at 31. 12.,2007,Karlovarský kraj,Kynšperk nad Ohří,5046
Kynšperk Nad Ohří,Kynšperk Nad Ohří,Population as at 31. 12.,2006,Karlovarský kraj,Kynšperk nad Ohří,5046
Kynšperk Nad Ohří,Kynšperk Nad Ohří,Population as at 31. 12.,2005,Karlovarský kraj,Kynšperk nad Ohří,5074
Kynšperk Nad Ohří,Kynšperk Nad Ohří,Population as at 31. 12.,2004,Karlovarský kraj,Kynšperk nad Ohří,5100
Kynšperk Nad Ohří,Kynšperk Nad Ohří,Population as at 31. 12.,2003,Karlovarský kraj,Kynšperk nad Ohří,5085
Kynšperk Nad Ohří,Kynšperk Nad Ohří,Population as at 31. 12.,2002,Karlovarský kraj,Kynšperk nad Ohří,5090
Kynšperk Nad Ohří,Kynšperk Nad Ohří,Population as at 31. 12.,2001,Karlovarský kraj,Kynšperk nad Ohří,5128
Kynšperk Nad Ohří,Kynšperk Nad Ohří,Population as at 31. 12.,2000,Karlovarský kraj,Kynšperk nad Ohří,5229
Kyselka,Kyselka,Population as at 31. 12.,2022,Karlovarský kraj,Kyselka,801
Kyselka,Kyselka,Population as at 31. 12.,2021,Karlovarský kraj,Kyselka,785
Kyselka,Kyselka,Population as at 31. 12.,2020,Karlovarský kraj,Kyselka,789
Kyselka,Kyselka,Population as at 31. 12.,2019,Karlovarský kraj,Kyselka,789
Kyselka,Kyselka,Population as at 31. 12.,2018,Karlovarský kraj,Kyselka,792
Kyselka,Kyselka,Population as at 31. 12.,2017,Karlovarský kraj,Kyselka,796
Kyselka,Kyselka,Population as at 31. 12.,2016,Karlovarský kraj,Kyselka,806
Kyselka,Kyselka,Population as at 31. 12.,2015,Karlovarský kraj,Kyselka,790
Kyselka,Kyselka,Population as at 31. 12.,2014,Karlovarský kraj,Kyselka,781
Kyselka,Kyselka,Population as at 31. 12.,2013,Karlovarský kraj,Kyselka,799
Kyselka,Kyselka,Population as at 31. 12.,2012,Karlovarský kraj,Kyselka,806
Kyselka,Kyselka,Population as at 31. 12.,2011,Karlovarský kraj,Kyselka,809
Kyselka,Kyselka,Population as at 31. 12.,2010,Karlovarský kraj,Kyselka,800
Kyselka,Kyselka,Population as at 31. 12.,2009,Karlovarský kraj,Kyselka,804
Kyselka,Kyselka,Population as at 31. 12.,2008,Karlovarský kraj,Kyselka,802
Kyselka,Kyselka,Population as at 31. 12.,2007,Karlovarský kraj,Kyselka,796
Kyselka,Kyselka,Population as at 31. 12.,2006,Karlovarský kraj,Kyselka,774
Kyselka,Kyselka,Population as at 31. 12.,2005,Karlovarský kraj,Kyselka,749
Kyselka,Kyselka,Population as at 31. 12.,2004,Karlovarský kraj,Kyselka,709
Kyselka,Kyselka,Population as at 31. 12.,2003,Karlovarský kraj,Kyselka,702
Kyselka,Kyselka,Population as at 31. 12.,2002,Karlovarský kraj,Kyselka,695
Kyselka,Kyselka,Population as at 31. 12.,2001,Karlovarský kraj,Kyselka,696
Kyselka,Kyselka,Population as at 31. 12.,2000,Karlovarský kraj,Kyselka,680
Křižovatka,Křižovatka,Population as at 31. 12.,2022,Karlovarský kraj,Křižovatka,259
Křižovatka,Křižovatka,Population as at 31. 12.,2021,Karlovarský kraj,Křižovatka,265
Křižovatka,Křižovatka,Population as at 31. 12.,2020,Karlovarský kraj,Křižovatka,278
Křižovatka,Křižovatka,Population as at 31. 12.,2019,Karlovarský kraj,Křižovatka,276
Křižovatka,Křižovatka,Population as at 31. 12.,2018,Karlovarský kraj,Křižovatka,274
Křižovatka,Křižovatka,Population as at 31. 12.,2017,Karlovarský kraj,Křižovatka,273
Křižovatka,Křižovatka,Population as at 31. 12.,2016,Karlovarský kraj,Křižovatka,274
Křižovatka,Křižovatka,Population as at 31. 12.,2015,Karlovarský kraj,Křižovatka,271
Křižovatka,Křižovatka,Population as at 31. 12.,2014,Karlovarský kraj,Křižovatka,276
Křižovatka,Křižovatka,Population as at 31. 12.,2013,Karlovarský kraj,Křižovatka,271
Křižovatka,Křižovatka,Population as at 31. 12.,2012,Karlovarský kraj,Křižovatka,275
Křižovatka,Křižovatka,Population as at 31. 12.,2011,Karlovarský kraj,Křižovatka,276
Křižovatka,Křižovatka,Population as at 31. 12.,2010,Karlovarský kraj,Křižovatka,281
Křižovatka,Křižovatka,Population as at 31. 12.,2009,Karlovarský kraj,Křižovatka,287
Křižovatka,Křižovatka,Population as at 31. 12.,2008,Karlovarský kraj,Křižovatka,295
Křižovatka,Křižovatka,Population as at 31. 12.,2007,Karlovarský kraj,Křižovatka,291
Křižovatka,Křižovatka,Population as at 31. 12.,2006,Karlovarský kraj,Křižovatka,287
Křižovatka,Křižovatka,Population as at 31. 12.,2005,Karlovarský kraj,Křižovatka,279
Křižovatka,Křižovatka,Population as at 31. 12.,2004,Karlovarský kraj,Křižovatka,274
Křižovatka,Křižovatka,Population as at 31. 12.,2003,Karlovarský kraj,Křižovatka,278
Křižovatka,Křižovatka,Population as at 31. 12.,2002,Karlovarský kraj,Křižovatka,268
Křižovatka,Křižovatka,Population as at 31. 12.,2001,Karlovarský kraj,Křižovatka,266
Křižovatka,Křižovatka,Population as at 31. 12.,2000,Karlovarský kraj,Křižovatka,247
Libavské Údolí,Libavské Údolí,Population as at 31. 12.,2022,Karlovarský kraj,Libavské Údolí,531
Libavské Údolí,Libavské Údolí,Population as at 31. 12.,2021,Karlovarský kraj,Libavské Údolí,518
Libavské Údolí,Libavské Údolí,Population as at 31. 12.,2020,Karlovarský kraj,Libavské Údolí,537
Libavské Údolí,Libavské Údolí,Population as at 31. 12.,2019,Karlovarský kraj,Libavské Údolí,535
Libavské Údolí,Libavské Údolí,Population as at 31. 12.,2018,Karlovarský kraj,Libavské Údolí,543
Libavské Údolí,Libavské Údolí,Population as at 31. 12.,2017,Karlovarský kraj,Libavské Údolí,571
Libavské Údolí,Libavské Údolí,Population as at 31. 12.,2016,Karlovarský kraj,Libavské Údolí,578
Libavské Údolí,Libavské Údolí,Population as at 31. 12.,2015,Karlovarský kraj,Libavské Údolí,590
Libavské Údolí,Libavské Údolí,Population as at 31. 12.,2014,Karlovarský kraj,Libavské Údolí,595
Libavské Údolí,Libavské Údolí,Population as at 31. 12.,2013,Karlovarský kraj,Libavské Údolí,590
Libavské Údolí,Libavské Údolí,Population as at 31. 12.,2012,Karlovarský kraj,Libavské Údolí,595
Libavské Údolí,Libavské Údolí,Population as at 31. 12.,2011,Karlovarský kraj,Libavské Údolí,599
Libavské Údolí,Libavské Údolí,Population as at 31. 12.,2010,Karlovarský kraj,Libavské Údolí,602
Libavské Údolí,Libavské Údolí,Population as at 31. 12.,2009,Karlovarský kraj,Libavské Údolí,587
Libavské Údolí,Libavské Údolí,Population as at 31. 12.,2008,Karlovarský kraj,Libavské Údolí,587
Libavské Údolí,Libavské Údolí,Population as at 31. 12.,2007,Karlovarský kraj,Libavské Údolí,582
Libavské Údolí,Libavské Údolí,Population as at 31. 12.,2006,Karlovarský kraj,Libavské Údolí,580
Libavské Údolí,Libavské Údolí,Population as at 31. 12.,2005,Karlovarský kraj,Libavské Údolí,600
Libavské Údolí,Libavské Údolí,Population as at 31. 12.,2004,Karlovarský kraj,Libavské Údolí,596
Libavské Údolí,Libavské Údolí,Population as at 31. 12.,2003,Karlovarský kraj,Libavské Údolí,590
Libavské Údolí,Libavské Údolí,Population as at 31. 12.,2002,Karlovarský kraj,Libavské Údolí,569
Libavské Údolí,Libavské Údolí,Population as at 31. 12.,2001,Karlovarský kraj,Libavské Údolí,572
Libavské Údolí,Libavské Údolí,Population as at 31. 12.,2000,Karlovarský kraj,Libavské Údolí,568
Libá,Libá,Population as at 31. 12.,2022,Karlovarský kraj,Libá,809
Libá,Libá,Population as at 31. 12.,2021,Karlovarský kraj,Libá,794
Libá,Libá,Population as at 31. 12.,2020,Karlovarský kraj,Libá,802
Libá,Libá,Population as at 31. 12.,2019,Karlovarský kraj,Libá,800
Libá,Libá,Population as at 31. 12.,2018,Karlovarský kraj,Libá,766
Libá,Libá,Population as at 31. 12.,2017,Karlovarský kraj,Libá,741
Libá,Libá,Population as at 31. 12.,2016,Karlovarský kraj,Libá,746
Libá,Libá,Population as at 31. 12.,2015,Karlovarský kraj,Libá,722
Libá,Libá,Population as at 31. 12.,2014,Karlovarský kraj,Libá,723
Libá,Libá,Population as at 31. 12.,2013,Karlovarský kraj,Libá,723
Libá,Libá,Population as at 31. 12.,2012,Karlovarský kraj,Libá,732
Libá,Libá,Population as at 31. 12.,2011,Karlovarský kraj,Libá,738
Libá,Libá,Population as at 31. 12.,2010,Karlovarský kraj,Libá,740
Libá,Libá,Population as at 31. 12.,2009,Karlovarský kraj,Libá,715
Libá,Libá,Population as at 31. 12.,2008,Karlovarský kraj,Libá,706
Libá,Libá,Population as at 31. 12.,2007,Karlovarský kraj,Libá,693
Libá,Libá,Population as at 31. 12.,2006,Karlovarský kraj,Libá,678
Libá,Libá,Population as at 31. 12.,2005,Karlovarský kraj,Libá,646
Libá,Libá,Population as at 31. 12.,2004,Karlovarský kraj,Libá,618
Libá,Libá,Population as at 31. 12.,2003,Karlovarský kraj,Libá,600
Libá,Libá,Population as at 31. 12.,2002,Karlovarský kraj,Libá,593
Libá,Libá,Population as at 31. 12.,2001,Karlovarský kraj,Libá,589
Libá,Libá,Population as at 31. 12.,2000,Karlovarský kraj,Libá,548
Lipová,Lipová,Population as at 31. 12.,2022,Karlovarský kraj,Lipová,745
Lipová,Lipová,Population as at 31. 12.,2022,Ústecký kraj,Lipová,571
Lipová,Lipová,Population as at 31. 12.,2022,Olomoucký kraj,Lipová,724
Lipová,Lipová,Population as at 31. 12.,2022,Olomoucký kraj,Lipová,273
Lipová,Lipová,Population as at 31. 12.,2022,Zlínský kraj,Lipová,362
Lipová,Lipová,Population as at 31. 12.,2021,Karlovarský kraj,Lipová,708
Lipová,Lipová,Population as at 31. 12.,2021,Ústecký kraj,Lipová,579
Lipová,Lipová,Population as at 31. 12.,2021,Olomoucký kraj,Lipová,706
Lipová,Lipová,Population as at 31. 12.,2021,Olomoucký kraj,Lipová,280
Lipová,Lipová,Population as at 31. 12.,2021,Zlínský kraj,Lipová,369
Lipová,Lipová,Population as at 31. 12.,2020,Karlovarský kraj,Lipová,743
Lipová,Lipová,Population as at 31. 12.,2020,Ústecký kraj,Lipová,568
Lipová,Lipová,Population as at 31. 12.,2020,Olomoucký kraj,Lipová,716
Lipová,Lipová,Population as at 31. 12.,2020,Olomoucký kraj,Lipová,278
Lipová,Lipová,Population as at 31. 12.,2020,Zlínský kraj,Lipová,363
Lipová,Lipová,Population as at 31. 12.,2019,Karlovarský kraj,Lipová,746
Lipová,Lipová,Population as at 31. 12.,2019,Ústecký kraj,Lipová,579
Lipová,Lipová,Population as at 31. 12.,2019,Olomoucký kraj,Lipová,710
Lipová,Lipová,Population as at 31. 12.,2019,Olomoucký kraj,Lipová,275
Lipová,Lipová,Population as at 31. 12.,2019,Zlínský kraj,Lipová,363
Lipová,Lipová,Population as at 31. 12.,2018,Karlovarský kraj,Lipová,744
Lipová,Lipová,Population as at 31. 12.,2018,Ústecký kraj,Lipová,574
Lipová,Lipová,Population as at 31. 12.,2018,Olomoucký kraj,Lipová,718
Lipová,Lipová,Population as at 31. 12.,2018,Olomoucký kraj,Lipová,272
Lipová,Lipová,Population as at 31. 12.,2018,Zlínský kraj,Lipová,359
Lipová,Lipová,Population as at 31. 12.,2017,Karlovarský kraj,Lipová,725
Lipová,Lipová,Population as at 31. 12.,2017,Ústecký kraj,Lipová,596
Lipová,Lipová,Population as at 31. 12.,2017,Olomoucký kraj,Lipová,731
Lipová,Lipová,Population as at 31. 12.,2017,Olomoucký kraj,Lipová,272
Lipová,Lipová,Population as at 31. 12.,2017,Zlínský kraj,Lipová,373
Lipová,Lipová,Population as at 31. 12.,2016,Karlovarský kraj,Lipová,721
Lipová,Lipová,Population as at 31. 12.,2016,Ústecký kraj,Lipová,584
Lipová,Lipová,Population as at 31. 12.,2016,Olomoucký kraj,Lipová,724
Lipová,Lipová,Population as at 31. 12.,2016,Olomoucký kraj,Lipová,279
Lipová,Lipová,Population as at 31. 12.,2016,Zlínský kraj,Lipová,370
Lipová,Lipová,Population as at 31. 12.,2015,Karlovarský kraj,Lipová,719
Lipová,Lipová,Population as at 31. 12.,2015,Ústecký kraj,Lipová,592
Lipová,Lipová,Population as at 31. 12.,2015,Olomoucký kraj,Lipová,716
Lipová,Lipová,Population as at 31. 12.,2015,Olomoucký kraj,Lipová,278
Lipová,Lipová,Population as at 31. 12.,2015,Zlínský kraj,Lipová,366
Lipová,Lipová,Population as at 31. 12.,2014,Karlovarský kraj,Lipová,705
Lipová,Lipová,Population as at 31. 12.,2014,Ústecký kraj,Lipová,600
Lipová,Lipová,Population as at 31. 12.,2014,Olomoucký kraj,Lipová,711
Lipová,Lipová,Population as at 31. 12.,2014,Olomoucký kraj,Lipová,274
Lipová,Lipová,Population as at 31. 12.,2014,Zlínský kraj,Lipová,365
Lipová,Lipová,Population as at 31. 12.,2013,Karlovarský kraj,Lipová,703
Lipová,Lipová,Population as at 31. 12.,2013,Ústecký kraj,Lipová,607
Lipová,Lipová,Population as at 31. 12.,2013,Olomoucký kraj,Lipová,716
Lipová,Lipová,Population as at 31. 12.,2013,Olomoucký kraj,Lipová,274
Lipová,Lipová,Population as at 31. 12.,2013,Zlínský kraj,Lipová,357
Lipová,Lipová,Population as at 31. 12.,2012,Karlovarský kraj,Lipová,703
Lipová,Lipová,Population as at 31. 12.,2012,Ústecký kraj,Lipová,626
Lipová,Lipová,Population as at 31. 12.,2012,Olomoucký kraj,Lipová,736
Lipová,Lipová,Population as at 31. 12.,2012,Olomoucký kraj,Lipová,274
Lipová,Lipová,Population as at 31. 12.,2012,Zlínský kraj,Lipová,357
Lipová,Lipová,Population as at 31. 12.,2011,Karlovarský kraj,Lipová,708
Lipová,Lipová,Population as at 31. 12.,2011,Ústecký kraj,Lipová,618
Lipová,Lipová,Population as at 31. 12.,2011,Olomoucký kraj,Lipová,744
Lipová,Lipová,Population as at 31. 12.,2011,Olomoucký kraj,Lipová,283
Lipová,Lipová,Population as at 31. 12.,2011,Zlínský kraj,Lipová,350
Lipová,Lipová,Population as at 31. 12.,2010,Karlovarský kraj,Lipová,707
Lipová,Lipová,Population as at 31. 12.,2010,Ústecký kraj,Lipová,629
Lipová,Lipová,Population as at 31. 12.,2010,Olomoucký kraj,Lipová,753
Lipová,Lipová,Population as at 31. 12.,2010,Olomoucký kraj,Lipová,270
Lipová,Lipová,Population as at 31. 12.,2010,Zlínský kraj,Lipová,338
Lipová,Lipová,Population as at 31. 12.,2009,Karlovarský kraj,Lipová,694
Lipová,Lipová,Population as at 31. 12.,2009,Ústecký kraj,Lipová,633
Lipová,Lipová,Population as at 31. 12.,2009,Olomoucký kraj,Lipová,763
Lipová,Lipová,Population as at 31. 12.,2009,Olomoucký kraj,Lipová,275
Lipová,Lipová,Population as at 31. 12.,2009,Zlínský kraj,Lipová,330
Lipová,Lipová,Population as at 31. 12.,2008,Karlovarský kraj,Lipová,679
Lipová,Lipová,Population as at 31. 12.,2008,Ústecký kraj,Lipová,628
Lipová,Lipová,Population as at 31. 12.,2008,Olomoucký kraj,Lipová,755
Lipová,Lipová,Population as at 31. 12.,2008,Olomoucký kraj,Lipová,263
Lipová,Lipová,Population as at 31. 12.,2008,Zlínský kraj,Lipová,334
Lipová,Lipová,Population as at 31. 12.,2007,Karlovarský kraj,Lipová,645
Lipová,Lipová,Population as at 31. 12.,2007,Ústecký kraj,Lipová,626
Lipová,Lipová,Population as at 31. 12.,2007,Olomoucký kraj,Lipová,760
Lipová,Lipová,Population as at 31. 12.,2007,Olomoucký kraj,Lipová,242
Lipová,Lipová,Population as at 31. 12.,2007,Zlínský kraj,Lipová,318
Lipová,Lipová,Population as at 31. 12.,2006,Karlovarský kraj,Lipová,637
Lipová,Lipová,Population as at 31. 12.,2006,Ústecký kraj,Lipová,633
Lipová,Lipová,Population as at 31. 12.,2006,Olomoucký kraj,Lipová,765
Lipová,Lipová,Population as at 31. 12.,2006,Olomoucký kraj,Lipová,241
Lipová,Lipová,Population as at 31. 12.,2006,Zlínský kraj,Lipová,309
Lipová,Lipová,Population as at 31. 12.,2005,Karlovarský kraj,Lipová,627
Lipová,Lipová,Population as at 31. 12.,2005,Ústecký kraj,Lipová,647
Lipová,Lipová,Population as at 31. 12.,2005,Olomoucký kraj,Lipová,775
Lipová,Lipová,Population as at 31. 12.,2005,Olomoucký kraj,Lipová,244
Lipová,Lipová,Population as at 31. 12.,2005,Zlínský kraj,Lipová,312
Lipová,Lipová,Population as at 31. 12.,2004,Karlovarský kraj,Lipová,613
Lipová,Lipová,Population as at 31. 12.,2004,Ústecký kraj,Lipová,654
Lipová,Lipová,Population as at 31. 12.,2004,Olomoucký kraj,Lipová,784
Lipová,Lipová,Population as at 31. 12.,2004,Olomoucký kraj,Lipová,236
Lipová,Lipová,Population as at 31. 12.,2004,Zlínský kraj,Lipová,305
Lipová,Lipová,Population as at 31. 12.,2003,Karlovarský kraj,Lipová,595
Lipová,Lipová,Population as at 31. 12.,2003,Ústecký kraj,Lipová,652
Lipová,Lipová,Population as at 31. 12.,2003,Olomoucký kraj,Lipová,761
Lipová,Lipová,Population as at 31. 12.,2003,Olomoucký kraj,Lipová,251
Lipová,Lipová,Population as at 31. 12.,2003,Zlínský kraj,Lipová,302
Lipová,Lipová,Population as at 31. 12.,2002,Karlovarský kraj,Lipová,560
Lipová,Lipová,Population as at 31. 12.,2002,Ústecký kraj,Lipová,653
Lipová,Lipová,Population as at 31. 12.,2002,Olomoucký kraj,Lipová,744
Lipová,Lipová,Population as at 31. 12.,2002,Olomoucký kraj,Lipová,254
Lipová,Lipová,Population as at 31. 12.,2002,Zlínský kraj,Lipová,303
Lipová,Lipová,Population as at 31. 12.,2001,Karlovarský kraj,Lipová,564
Lipová,Lipová,Population as at 31. 12.,2001,Ústecký kraj,Lipová,653
Lipová,Lipová,Population as at 31. 12.,2001,Olomoucký kraj,Lipová,754
Lipová,Lipová,Population as at 31. 12.,2001,Olomoucký kraj,Lipová,252
Lipová,Lipová,Population as at 31. 12.,2001,Zlínský kraj,Lipová,298
Lipová,Lipová,Population as at 31. 12.,2000,Karlovarský kraj,Lipová,573
Lipová,Lipová,Population as at 31. 12.,2000,Ústecký kraj,Lipová,668
Lipová,Lipová,Population as at 31. 12.,2000,Olomoucký kraj,Lipová,787
Lipová,Lipová,Population as at 31. 12.,2000,Olomoucký kraj,Lipová,215
Lipová,Lipová,Population as at 31. 12.,2000,Zlínský kraj,Lipová,319
Loket,Loket,Population as at 31. 12.,2022,Středočeský kraj,Loket,609
Loket,Loket,Population as at 31. 12.,2022,Karlovarský kraj,Loket,3075
Loket,Loket,Population as at 31. 12.,2021,Středočeský kraj,Loket,590
Loket,Loket,Population as at 31. 12.,2021,Karlovarský kraj,Loket,3034
Loket,Loket,Population as at 31. 12.,2020,Středočeský kraj,Loket,575
Loket,Loket,Population as at 31. 12.,2020,Karlovarský kraj,Loket,3079
Loket,Loket,Population as at 31. 12.,2019,Středočeský kraj,Loket,580
Loket,Loket,Population as at 31. 12.,2019,Karlovarský kraj,Loket,3075
Loket,Loket,Population as at 31. 12.,2018,Středočeský kraj,Loket,563
Loket,Loket,Population as at 31. 12.,2018,Karlovarský kraj,Loket,3055
Loket,Loket,Population as at 31. 12.,2017,Středočeský kraj,Loket,568
Loket,Loket,Population as at 31. 12.,2017,Karlovarský kraj,Loket,3062
Loket,Loket,Population as at 31. 12.,2016,Středočeský kraj,Loket,551
Loket,Loket,Population as at 31. 12.,2016,Karlovarský kraj,Loket,3030
Loket,Loket,Population as at 31. 12.,2015,Středočeský kraj,Loket,561
Loket,Loket,Population as at 31. 12.,2015,Karlovarský kraj,Loket,3082
Loket,Loket,Population as at 31. 12.,2014,Středočeský kraj,Loket,572
Loket,Loket,Population as at 31. 12.,2014,Karlovarský kraj,Loket,3083
Loket,Loket,Population as at 31. 12.,2013,Středočeský kraj,Loket,558
Loket,Loket,Population as at 31. 12.,2013,Karlovarský kraj,Loket,3117
Loket,Loket,Population as at 31. 12.,2012,Středočeský kraj,Loket,557
Loket,Loket,Population as at 31. 12.,2012,Karlovarský kraj,Loket,3130
Loket,Loket,Population as at 31. 12.,2011,Středočeský kraj,Loket,556
Loket,Loket,Population as at 31. 12.,2011,Karlovarský kraj,Loket,3114
Loket,Loket,Population as at 31. 12.,2010,Středočeský kraj,Loket,549
Loket,Loket,Population as at 31. 12.,2010,Karlovarský kraj,Loket,3192
Loket,Loket,Population as at 31. 12.,2009,Středočeský kraj,Loket,549
Loket,Loket,Population as at 31. 12.,2009,Karlovarský kraj,Loket,3191
Loket,Loket,Population as at 31. 12.,2008,Středočeský kraj,Loket,545
Loket,Loket,Population as at 31. 12.,2008,Karlovarský kraj,Loket,3180
Loket,Loket,Population as at 31. 12.,2007,Středočeský kraj,Loket,536
Loket,Loket,Population as at 31. 12.,2007,Karlovarský kraj,Loket,3174
Loket,Loket,Population as at 31. 12.,2006,Středočeský kraj,Loket,532
Loket,Loket,Population as at 31. 12.,2006,Karlovarský kraj,Loket,3172
Loket,Loket,Population as at 31. 12.,2005,Středočeský kraj,Loket,529
Loket,Loket,Population as at 31. 12.,2005,Karlovarský kraj,Loket,3193
Loket,Loket,Population as at 31. 12.,2004,Středočeský kraj,Loket,523
Loket,Loket,Population as at 31. 12.,2004,Karlovarský kraj,Loket,3177
Loket,Loket,Population as at 31. 12.,2003,Středočeský kraj,Loket,524
Loket,Loket,Population as at 31. 12.,2003,Karlovarský kraj,Loket,3217
Loket,Loket,Population as at 31. 12.,2002,Středočeský kraj,Loket,536
Loket,Loket,Population as at 31. 12.,2002,Karlovarský kraj,Loket,3222
Loket,Loket,Population as at 31. 12.,2001,Středočeský kraj,Loket,549
Loket,Loket,Population as at 31. 12.,2001,Karlovarský kraj,Loket,3183
Loket,Loket,Population as at 31. 12.,2000,Středočeský kraj,Loket,529
Loket,Loket,Population as at 31. 12.,2000,Karlovarský kraj,Loket,3227
Lomnice,Lomnice,Population as at 31. 12.,2022,Karlovarský kraj,Lomnice,1371
Lomnice,Lomnice,Population as at 31. 12.,2022,Jihomoravský kraj,Lomnice,1504
Lomnice,Lomnice,Population as at 31. 12.,2022,Moravskoslezský kraj,Lomnice,489
Lomnice,Lomnice,Population as at 31. 12.,2021,Karlovarský kraj,Lomnice,1367
Lomnice,Lomnice,Population as at 31. 12.,2021,Jihomoravský kraj,Lomnice,1460
Lomnice,Lomnice,Population as at 31. 12.,2021,Moravskoslezský kraj,Lomnice,495
Lomnice,Lomnice,Population as at 31. 12.,2020,Karlovarský kraj,Lomnice,1358
Lomnice,Lomnice,Population as at 31. 12.,2020,Jihomoravský kraj,Lomnice,1459
Lomnice,Lomnice,Population as at 31. 12.,2020,Moravskoslezský kraj,Lomnice,516
Lomnice,Lomnice,Population as at 31. 12.,2019,Karlovarský kraj,Lomnice,1345
Lomnice,Lomnice,Population as at 31. 12.,2019,Jihomoravský kraj,Lomnice,1457
Lomnice,Lomnice,Population as at 31. 12.,2019,Moravskoslezský kraj,Lomnice,515
Lomnice,Lomnice,Population as at 31. 12.,2018,Karlovarský kraj,Lomnice,1336
Lomnice,Lomnice,Population as at 31. 12.,2018,Jihomoravský kraj,Lomnice,1428
Lomnice,Lomnice,Population as at 31. 12.,2018,Moravskoslezský kraj,Lomnice,513
Lomnice,Lomnice,Population as at 31. 12.,2017,Karlovarský kraj,Lomnice,1313
Lomnice,Lomnice,Population as at 31. 12.,2017,Jihomoravský kraj,Lomnice,1414
Lomnice,Lomnice,Population as at 31. 12.,2017,Moravskoslezský kraj,Lomnice,501
Lomnice,Lomnice,Population as at 31. 12.,2016,Karlovarský kraj,Lomnice,1312
Lomnice,Lomnice,Population as at 31. 12.,2016,Jihomoravský kraj,Lomnice,1394
Lomnice,Lomnice,Population as at 31. 12.,2016,Moravskoslezský kraj,Lomnice,510
Lomnice,Lomnice,Population as at 31. 12.,2015,Karlovarský kraj,Lomnice,1287
Lomnice,Lomnice,Population as at 31. 12.,2015,Jihomoravský kraj,Lomnice,1382
Lomnice,Lomnice,Population as at 31. 12.,2015,Moravskoslezský kraj,Lomnice,506
Lomnice,Lomnice,Population as at 31. 12.,2014,Karlovarský kraj,Lomnice,1290
Lomnice,Lomnice,Population as at 31. 12.,2014,Jihomoravský kraj,Lomnice,1374
Lomnice,Lomnice,Population as at 31. 12.,2014,Moravskoslezský kraj,Lomnice,499
Lomnice,Lomnice,Population as at 31. 12.,2013,Karlovarský kraj,Lomnice,1282
Lomnice,Lomnice,Population as at 31. 12.,2013,Jihomoravský kraj,Lomnice,1374
Lomnice,Lomnice,Population as at 31. 12.,2013,Moravskoslezský kraj,Lomnice,492
Lomnice,Lomnice,Population as at 31. 12.,2012,Karlovarský kraj,Lomnice,1252
Lomnice,Lomnice,Population as at 31. 12.,2012,Jihomoravský kraj,Lomnice,1362
Lomnice,Lomnice,Population as at 31. 12.,2012,Moravskoslezský kraj,Lomnice,518
Lomnice,Lomnice,Population as at 31. 12.,2011,Karlovarský kraj,Lomnice,1219
Lomnice,Lomnice,Population as at 31. 12.,2011,Jihomoravský kraj,Lomnice,1357
Lomnice,Lomnice,Population as at 31. 12.,2011,Moravskoslezský kraj,Lomnice,517
Lomnice,Lomnice,Population as at 31. 12.,2010,Karlovarský kraj,Lomnice,1207
Lomnice,Lomnice,Population as at 31. 12.,2010,Jihomoravský kraj,Lomnice,1325
Lomnice,Lomnice,Population as at 31. 12.,2010,Moravskoslezský kraj,Lomnice,540
Lomnice,Lomnice,Population as at 31. 12.,2009,Karlovarský kraj,Lomnice,1192
Lomnice,Lomnice,Population as at 31. 12.,2009,Jihomoravský kraj,Lomnice,1348
Lomnice,Lomnice,Population as at 31. 12.,2009,Moravskoslezský kraj,Lomnice,543
Lomnice,Lomnice,Population as at 31. 12.,2008,Karlovarský kraj,Lomnice,1165
Lomnice,Lomnice,Population as at 31. 12.,2008,Jihomoravský kraj,Lomnice,1352
Lomnice,Lomnice,Population as at 31. 12.,2008,Moravskoslezský kraj,Lomnice,548
Lomnice,Lomnice,Population as at 31. 12.,2007,Karlovarský kraj,Lomnice,1164
Lomnice,Lomnice,Population as at 31. 12.,2007,Jihomoravský kraj,Lomnice,1334
Lomnice,Lomnice,Population as at 31. 12.,2007,Moravskoslezský kraj,Lomnice,561
Lomnice,Lomnice,Population as at 31. 12.,2006,Karlovarský kraj,Lomnice,1162
Lomnice,Lomnice,Population as at 31. 12.,2006,Jihomoravský kraj,Lomnice,1323
Lomnice,Lomnice,Population as at 31. 12.,2006,Moravskoslezský kraj,Lomnice,543
Lomnice,Lomnice,Population as at 31. 12.,2005,Karlovarský kraj,Lomnice,1153
Lomnice,Lomnice,Population as at 31. 12.,2005,Jihomoravský kraj,Lomnice,1317
Lomnice,Lomnice,Population as at 31. 12.,2005,Moravskoslezský kraj,Lomnice,530
Lomnice,Lomnice,Population as at 31. 12.,2004,Karlovarský kraj,Lomnice,1140
Lomnice,Lomnice,Population as at 31. 12.,2004,Jihomoravský kraj,Lomnice,1317
Lomnice,Lomnice,Population as at 31. 12.,2004,Moravskoslezský kraj,Lomnice,528
Lomnice,Lomnice,Population as at 31. 12.,2003,Karlovarský kraj,Lomnice,1138
Lomnice,Lomnice,Population as at 31. 12.,2003,Jihomoravský kraj,Lomnice,1300
Lomnice,Lomnice,Population as at 31. 12.,2003,Moravskoslezský kraj,Lomnice,537
Lomnice,Lomnice,Population as at 31. 12.,2002,Karlovarský kraj,Lomnice,1123
Lomnice,Lomnice,Population as at 31. 12.,2002,Jihomoravský kraj,Lomnice,1280
Lomnice,Lomnice,Population as at 31. 12.,2002,Moravskoslezský kraj,Lomnice,550
Lomnice,Lomnice,Population as at 31. 12.,2001,Karlovarský kraj,Lomnice,1103
Lomnice,Lomnice,Population as at 31. 12.,2001,Jihomoravský kraj,Lomnice,1248
Lomnice,Lomnice,Population as at 31. 12.,2001,Moravskoslezský kraj,Lomnice,549
Lomnice,Lomnice,Population as at 31. 12.,2000,Karlovarský kraj,Lomnice,1088
Lomnice,Lomnice,Population as at 31. 12.,2000,Jihomoravský kraj,Lomnice,1267
Lomnice,Lomnice,Population as at 31. 12.,2000,Moravskoslezský kraj,Lomnice,543
Luby,Luby,Population as at 31. 12.,2022,Karlovarský kraj,Luby,2194
Luby,Luby,Population as at 31. 12.,2021,Karlovarský kraj,Luby,2086
Luby,Luby,Population as at 31. 12.,2020,Karlovarský kraj,Luby,2124
Luby,Luby,Population as at 31. 12.,2019,Karlovarský kraj,Luby,2144
Luby,Luby,Population as at 31. 12.,2018,Karlovarský kraj,Luby,2146
Luby,Luby,Population as at 31. 12.,2017,Karlovarský kraj,Luby,2128
Luby,Luby,Population as at 31. 12.,2016,Karlovarský kraj,Luby,2133
Luby,Luby,Population as at 31. 12.,2015,Karlovarský kraj,Luby,2147
Luby,Luby,Population as at 31. 12.,2014,Karlovarský kraj,Luby,2168
Luby,Luby,Population as at 31. 12.,2013,Karlovarský kraj,Luby,2186
Luby,Luby,Population as at 31. 12.,2012,Karlovarský kraj,Luby,2216
Luby,Luby,Population as at 31. 12.,2011,Karlovarský kraj,Luby,2265
Luby,Luby,Population as at 31. 12.,2010,Karlovarský kraj,Luby,2425
Luby,Luby,Population as at 31. 12.,2009,Karlovarský kraj,Luby,2436
Luby,Luby,Population as at 31. 12.,2008,Karlovarský kraj,Luby,2443
Luby,Luby,Population as at 31. 12.,2007,Karlovarský kraj,Luby,2460
Luby,Luby,Population as at 31. 12.,2006,Karlovarský kraj,Luby,2496
Luby,Luby,Population as at 31. 12.,2005,Karlovarský kraj,Luby,2487
Luby,Luby,Population as at 31. 12.,2004,Karlovarský kraj,Luby,2515
Luby,Luby,Population as at 31. 12.,2003,Karlovarský kraj,Luby,2525
Luby,Luby,Population as at 31. 12.,2002,Karlovarský kraj,Luby,2507
Luby,Luby,Population as at 31. 12.,2001,Karlovarský kraj,Luby,2489
Luby,Luby,Population as at 31. 12.,2000,Karlovarský kraj,Luby,2387
Lázně Kynžvart,Lázně Kynžvart,Population as at 31. 12.,2022,Karlovarský kraj,Lázně Kynžvart,1514
Lázně Kynžvart,Lázně Kynžvart,Population as at 31. 12.,2021,Karlovarský kraj,Lázně Kynžvart,1410
Lázně Kynžvart,Lázně Kynžvart,Population as at 31. 12.,2020,Karlovarský kraj,Lázně Kynžvart,1427
Lázně Kynžvart,Lázně Kynžvart,Population as at 31. 12.,2019,Karlovarský kraj,Lázně Kynžvart,1439
Lázně Kynžvart,Lázně Kynžvart,Population as at 31. 12.,2018,Karlovarský kraj,Lázně Kynžvart,1474
Lázně Kynžvart,Lázně Kynžvart,Population as at 31. 12.,2017,Karlovarský kraj,Lázně Kynžvart,1460
Lázně Kynžvart,Lázně Kynžvart,Population as at 31. 12.,2016,Karlovarský kraj,Lázně Kynžvart,1433
Lázně Kynžvart,Lázně Kynžvart,Population as at 31. 12.,2015,Karlovarský kraj,Lázně Kynžvart,1454
Lázně Kynžvart,Lázně Kynžvart,Population as at 31. 12.,2014,Karlovarský kraj,Lázně Kynžvart,1455
Lázně Kynžvart,Lázně Kynžvart,Population as at 31. 12.,2013,Karlovarský kraj,Lázně Kynžvart,1461
Lázně Kynžvart,Lázně Kynžvart,Population as at 31. 12.,2012,Karlovarský kraj,Lázně Kynžvart,1463
Lázně Kynžvart,Lázně Kynžvart,Population as at 31. 12.,2011,Karlovarský kraj,Lázně Kynžvart,1482
Lázně Kynžvart,Lázně Kynžvart,Population as at 31. 12.,2010,Karlovarský kraj,Lázně Kynžvart,1559
Lázně Kynžvart,Lázně Kynžvart,Population as at 31. 12.,2009,Karlovarský kraj,Lázně Kynžvart,1556
Lázně Kynžvart,Lázně Kynžvart,Population as at 31. 12.,2008,Karlovarský kraj,Lázně Kynžvart,1570
Lázně Kynžvart,Lázně Kynžvart,Population as at 31. 12.,2007,Karlovarský kraj,Lázně Kynžvart,1592
Lázně Kynžvart,Lázně Kynžvart,Population as at 31. 12.,2006,Karlovarský kraj,Lázně Kynžvart,1612
Lázně Kynžvart,Lázně Kynžvart,Population as at 31. 12.,2005,Karlovarský kraj,Lázně Kynžvart,1631
Lázně Kynžvart,Lázně Kynžvart,Population as at 31. 12.,2004,Karlovarský kraj,Lázně Kynžvart,1642
Lázně Kynžvart,Lázně Kynžvart,Population as at 31. 12.,2003,Karlovarský kraj,Lázně Kynžvart,1647
Lázně Kynžvart,Lázně Kynžvart,Population as at 31. 12.,2002,Karlovarský kraj,Lázně Kynžvart,1632
Lázně Kynžvart,Lázně Kynžvart,Population as at 31. 12.,2001,Karlovarský kraj,Lázně Kynžvart,1621
Lázně Kynžvart,Lázně Kynžvart,Population as at 31. 12.,2000,Karlovarský kraj,Lázně Kynžvart,1615
Mariánské Lázně,Mariánské Lázně,Population as at 31. 12.,2022,Karlovarský kraj,Mariánské Lázně,13766
Mariánské Lázně,Mariánské Lázně,Population as at 31. 12.,2021,Karlovarský kraj,Mariánské Lázně,12237
Mariánské Lázně,Mariánské Lázně,Population as at 31. 12.,2020,Karlovarský kraj,Mariánské Lázně,12752
Mariánské Lázně,Mariánské Lázně,Population as at 31. 12.,2019,Karlovarský kraj,Mariánské Lázně,12795
Mariánské Lázně,Mariánské Lázně,Population as at 31. 12.,2018,Karlovarský kraj,Mariánské Lázně,12800
Mariánské Lázně,Mariánské Lázně,Population as at 31. 12.,2017,Karlovarský kraj,Mariánské Lázně,12970
Mariánské Lázně,Mariánské Lázně,Population as at 31. 12.,2016,Karlovarský kraj,Mariánské Lázně,13042
Mariánské Lázně,Mariánské Lázně,Population as at 31. 12.,2015,Karlovarský kraj,Mariánské Lázně,13224
Mariánské Lázně,Mariánské Lázně,Population as at 31. 12.,2014,Karlovarský kraj,Mariánské Lázně,13283
Mariánské Lázně,Mariánské Lázně,Population as at 31. 12.,2013,Karlovarský kraj,Mariánské Lázně,13289
Mariánské Lázně,Mariánské Lázně,Population as at 31. 12.,2012,Karlovarský kraj,Mariánské Lázně,13337
Mariánské Lázně,Mariánské Lázně,Population as at 31. 12.,2011,Karlovarský kraj,Mariánské Lázně,13554
Mariánské Lázně,Mariánské Lázně,Population as at 31. 12.,2010,Karlovarský kraj,Mariánské Lázně,13587
Mariánské Lázně,Mariánské Lázně,Population as at 31. 12.,2009,Karlovarský kraj,Mariánské Lázně,13677
Mariánské Lázně,Mariánské Lázně,Population as at 31. 12.,2008,Karlovarský kraj,Mariánské Lázně,13758
Mariánské Lázně,Mariánské Lázně,Population as at 31. 12.,2007,Karlovarský kraj,Mariánské Lázně,13915
Mariánské Lázně,Mariánské Lázně,Population as at 31. 12.,2006,Karlovarský kraj,Mariánské Lázně,13872
Mariánské Lázně,Mariánské Lázně,Population as at 31. 12.,2005,Karlovarský kraj,Mariánské Lázně,14026
Mariánské Lázně,Mariánské Lázně,Population as at 31. 12.,2004,Karlovarský kraj,Mariánské Lázně,14083
Mariánské Lázně,Mariánské Lázně,Population as at 31. 12.,2003,Karlovarský kraj,Mariánské Lázně,14277
Mariánské Lázně,Mariánské Lázně,Population as at 31. 12.,2002,Karlovarský kraj,Mariánské Lázně,14321
Mariánské Lázně,Mariánské Lázně,Population as at 31. 12.,2001,Karlovarský kraj,Mariánské Lázně,14613
Mariánské Lázně,Mariánské Lázně,Population as at 31. 12.,2000,Karlovarský kraj,Mariánské Lázně,15004
Milhostov,Milhostov,Population as at 31. 12.,2022,Karlovarský kraj,Milhostov,316
Milhostov,Milhostov,Population as at 31. 12.,2021,Karlovarský kraj,Milhostov,321
Milhostov,Milhostov,Population as at 31. 12.,2020,Karlovarský kraj,Milhostov,328
Milhostov,Milhostov,Population as at 31. 12.,2019,Karlovarský kraj,Milhostov,331
Milhostov,Milhostov,Population as at 31. 12.,2018,Karlovarský kraj,Milhostov,328
Milhostov,Milhostov,Population as at 31. 12.,2017,Karlovarský kraj,Milhostov,323
Milhostov,Milhostov,Population as at 31. 12.,2016,Karlovarský kraj,Milhostov,330
Milhostov,Milhostov,Population as at 31. 12.,2015,Karlovarský kraj,Milhostov,337
Milhostov,Milhostov,Population as at 31. 12.,2014,Karlovarský kraj,Milhostov,338
Milhostov,Milhostov,Population as at 31. 12.,2013,Karlovarský kraj,Milhostov,339
Milhostov,Milhostov,Population as at 31. 12.,2012,Karlovarský kraj,Milhostov,346
Milhostov,Milhostov,Population as at 31. 12.,2011,Karlovarský kraj,Milhostov,347
Milhostov,Milhostov,Population as at 31. 12.,2010,Karlovarský kraj,Milhostov,344
Milhostov,Milhostov,Population as at 31. 12.,2009,Karlovarský kraj,Milhostov,347
Milhostov,Milhostov,Population as at 31. 12.,2008,Karlovarský kraj,Milhostov,356
Milhostov,Milhostov,Population as at 31. 12.,2007,Karlovarský kraj,Milhostov,370
Milhostov,Milhostov,Population as at 31. 12.,2006,Karlovarský kraj,Milhostov,349
Milhostov,Milhostov,Population as at 31. 12.,2005,Karlovarský kraj,Milhostov,348
Milhostov,Milhostov,Population as at 31. 12.,2004,Karlovarský kraj,Milhostov,350
Milhostov,Milhostov,Population as at 31. 12.,2003,Karlovarský kraj,Milhostov,344
Milhostov,Milhostov,Population as at 31. 12.,2002,Karlovarský kraj,Milhostov,327
Milhostov,Milhostov,Population as at 31. 12.,2001,Karlovarský kraj,Milhostov,324
Milhostov,Milhostov,Population as at 31. 12.,2000,Karlovarský kraj,Milhostov,320
Milíkov,Milíkov,Population as at 31. 12.,2022,Karlovarský kraj,Milíkov,286
Milíkov,Milíkov,Population as at 31. 12.,2022,Moravskoslezský kraj,Milíkov,1341
Milíkov,Milíkov,Population as at 31. 12.,2021,Karlovarský kraj,Milíkov,300
Milíkov,Milíkov,Population as at 31. 12.,2021,Moravskoslezský kraj,Milíkov,1350
Milíkov,Milíkov,Population as at 31. 12.,2020,Karlovarský kraj,Milíkov,300
Milíkov,Milíkov,Population as at 31. 12.,2020,Moravskoslezský kraj,Milíkov,1386
Milíkov,Milíkov,Population as at 31. 12.,2019,Karlovarský kraj,Milíkov,289
Milíkov,Milíkov,Population as at 31. 12.,2019,Moravskoslezský kraj,Milíkov,1370
Milíkov,Milíkov,Population as at 31. 12.,2018,Karlovarský kraj,Milíkov,283
Milíkov,Milíkov,Population as at 31. 12.,2018,Moravskoslezský kraj,Milíkov,1357
Milíkov,Milíkov,Population as at 31. 12.,2017,Karlovarský kraj,Milíkov,288
Milíkov,Milíkov,Population as at 31. 12.,2017,Moravskoslezský kraj,Milíkov,1347
Milíkov,Milíkov,Population as at 31. 12.,2016,Karlovarský kraj,Milíkov,275
Milíkov,Milíkov,Population as at 31. 12.,2016,Moravskoslezský kraj,Milíkov,1338
Milíkov,Milíkov,Population as at 31. 12.,2015,Karlovarský kraj,Milíkov,272
Milíkov,Milíkov,Population as at 31. 12.,2015,Moravskoslezský kraj,Milíkov,1329
Milíkov,Milíkov,Population as at 31. 12.,2014,Karlovarský kraj,Milíkov,285
Milíkov,Milíkov,Population as at 31. 12.,2014,Moravskoslezský kraj,Milíkov,1328
Milíkov,Milíkov,Population as at 31. 12.,2013,Karlovarský kraj,Milíkov,281
Milíkov,Milíkov,Population as at 31. 12.,2013,Moravskoslezský kraj,Milíkov,1324
Milíkov,Milíkov,Population as at 31. 12.,2012,Karlovarský kraj,Milíkov,280
Milíkov,Milíkov,Population as at 31. 12.,2012,Moravskoslezský kraj,Milíkov,1317
Milíkov,Milíkov,Population as at 31. 12.,2011,Karlovarský kraj,Milíkov,263
Milíkov,Milíkov,Population as at 31. 12.,2011,Moravskoslezský kraj,Milíkov,1314
Milíkov,Milíkov,Population as at 31. 12.,2010,Karlovarský kraj,Milíkov,241
Milíkov,Milíkov,Population as at 31. 12.,2010,Moravskoslezský kraj,Milíkov,1289
Milíkov,Milíkov,Population as at 31. 12.,2009,Karlovarský kraj,Milíkov,238
Milíkov,Milíkov,Population as at 31. 12.,2009,Moravskoslezský kraj,Milíkov,1272
Milíkov,Milíkov,Population as at 31. 12.,2008,Karlovarský kraj,Milíkov,233
Milíkov,Milíkov,Population as at 31. 12.,2008,Moravskoslezský kraj,Milíkov,1273
Milíkov,Milíkov,Population as at 31. 12.,2007,Karlovarský kraj,Milíkov,233
Milíkov,Milíkov,Population as at 31. 12.,2007,Moravskoslezský kraj,Milíkov,1268
Milíkov,Milíkov,Population as at 31. 12.,2006,Karlovarský kraj,Milíkov,226
Milíkov,Milíkov,Population as at 31. 12.,2006,Moravskoslezský kraj,Milíkov,1264
Milíkov,Milíkov,Population as at 31. 12.,2005,Karlovarský kraj,Milíkov,220
Milíkov,Milíkov,Population as at 31. 12.,2005,Moravskoslezský kraj,Milíkov,1276
Milíkov,Milíkov,Population as at 31. 12.,2004,Karlovarský kraj,Milíkov,220
Milíkov,Milíkov,Population as at 31. 12.,2004,Moravskoslezský kraj,Milíkov,1279
Milíkov,Milíkov,Population as at 31. 12.,2003,Karlovarský kraj,Milíkov,216
Milíkov,Milíkov,Population as at 31. 12.,2003,Moravskoslezský kraj,Milíkov,1291
Milíkov,Milíkov,Population as at 31. 12.,2002,Karlovarský kraj,Milíkov,230
Milíkov,Milíkov,Population as at 31. 12.,2002,Moravskoslezský kraj,Milíkov,1292
Milíkov,Milíkov,Population as at 31. 12.,2001,Karlovarský kraj,Milíkov,223
Milíkov,Milíkov,Population as at 31. 12.,2001,Moravskoslezský kraj,Milíkov,1289
Milíkov,Milíkov,Population as at 31. 12.,2000,Karlovarský kraj,Milíkov,203
Milíkov,Milíkov,Population as at 31. 12.,2000,Moravskoslezský kraj,Milíkov,1299
Mnichov,Mnichov,Population as at 31. 12.,2022,Plzeňský kraj,Mnichov,215
Mnichov,Mnichov,Population as at 31. 12.,2022,Jihočeský kraj,Mnichov,245
Mnichov,Mnichov,Population as at 31. 12.,2022,Karlovarský kraj,Mnichov,387
Mnichov,Mnichov,Population as at 31. 12.,2021,Plzeňský kraj,Mnichov,217
Mnichov,Mnichov,Population as at 31. 12.,2021,Jihočeský kraj,Mnichov,241
Mnichov,Mnichov,Population as at 31. 12.,2021,Karlovarský kraj,Mnichov,392
Mnichov,Mnichov,Population as at 31. 12.,2020,Plzeňský kraj,Mnichov,214
Mnichov,Mnichov,Population as at 31. 12.,2020,Jihočeský kraj,Mnichov,234
Mnichov,Mnichov,Population as at 31. 12.,2020,Karlovarský kraj,Mnichov,398
Mnichov,Mnichov,Population as at 31. 12.,2019,Plzeňský kraj,Mnichov,214
Mnichov,Mnichov,Population as at 31. 12.,2019,Jihočeský kraj,Mnichov,230
Mnichov,Mnichov,Population as at 31. 12.,2019,Karlovarský kraj,Mnichov,407
Mnichov,Mnichov,Population as at 31. 12.,2018,Plzeňský kraj,Mnichov,211
Mnichov,Mnichov,Population as at 31. 12.,2018,Jihočeský kraj,Mnichov,225
Mnichov,Mnichov,Population as at 31. 12.,2018,Karlovarský kraj,Mnichov,390
Mnichov,Mnichov,Population as at 31. 12.,2017,Plzeňský kraj,Mnichov,208
Mnichov,Mnichov,Population as at 31. 12.,2017,Jihočeský kraj,Mnichov,228
Mnichov,Mnichov,Population as at 31. 12.,2017,Karlovarský kraj,Mnichov,399
Mnichov,Mnichov,Population as at 31. 12.,2016,Plzeňský kraj,Mnichov,219
Mnichov,Mnichov,Population as at 31. 12.,2016,Jihočeský kraj,Mnichov,226
Mnichov,Mnichov,Population as at 31. 12.,2016,Karlovarský kraj,Mnichov,401
Mnichov,Mnichov,Population as at 31. 12.,2015,Plzeňský kraj,Mnichov,221
Mnichov,Mnichov,Population as at 31. 12.,2015,Jihočeský kraj,Mnichov,233
Mnichov,Mnichov,Population as at 31. 12.,2015,Karlovarský kraj,Mnichov,396
Mnichov,Mnichov,Population as at 31. 12.,2014,Plzeňský kraj,Mnichov,234
Mnichov,Mnichov,Population as at 31. 12.,2014,Jihočeský kraj,Mnichov,242
Mnichov,Mnichov,Population as at 31. 12.,2014,Karlovarský kraj,Mnichov,401
Mnichov,Mnichov,Population as at 31. 12.,2013,Plzeňský kraj,Mnichov,240
Mnichov,Mnichov,Population as at 31. 12.,2013,Jihočeský kraj,Mnichov,249
Mnichov,Mnichov,Population as at 31. 12.,2013,Karlovarský kraj,Mnichov,407
Mnichov,Mnichov,Population as at 31. 12.,2012,Plzeňský kraj,Mnichov,239
Mnichov,Mnichov,Population as at 31. 12.,2012,Jihočeský kraj,Mnichov,254
Mnichov,Mnichov,Population as at 31. 12.,2012,Karlovarský kraj,Mnichov,396
Mnichov,Mnichov,Population as at 31. 12.,2011,Plzeňský kraj,Mnichov,244
Mnichov,Mnichov,Population as at 31. 12.,2011,Jihočeský kraj,Mnichov,257
Mnichov,Mnichov,Population as at 31. 12.,2011,Karlovarský kraj,Mnichov,396
Mnichov,Mnichov,Population as at 31. 12.,2010,Plzeňský kraj,Mnichov,233
Mnichov,Mnichov,Population as at 31. 12.,2010,Jihočeský kraj,Mnichov,257
Mnichov,Mnichov,Population as at 31. 12.,2010,Karlovarský kraj,Mnichov,404
Mnichov,Mnichov,Population as at 31. 12.,2009,Plzeňský kraj,Mnichov,232
Mnichov,Mnichov,Population as at 31. 12.,2009,Jihočeský kraj,Mnichov,255
Mnichov,Mnichov,Population as at 31. 12.,2009,Karlovarský kraj,Mnichov,398
Mnichov,Mnichov,Population as at 31. 12.,2008,Plzeňský kraj,Mnichov,231
Mnichov,Mnichov,Population as at 31. 12.,2008,Jihočeský kraj,Mnichov,249
Mnichov,Mnichov,Population as at 31. 12.,2008,Karlovarský kraj,Mnichov,396
Mnichov,Mnichov,Population as at 31. 12.,2007,Plzeňský kraj,Mnichov,224
Mnichov,Mnichov,Population as at 31. 12.,2007,Jihočeský kraj,Mnichov,246
Mnichov,Mnichov,Population as at 31. 12.,2007,Karlovarský kraj,Mnichov,400
Mnichov,Mnichov,Population as at 31. 12.,2006,Plzeňský kraj,Mnichov,230
Mnichov,Mnichov,Population as at 31. 12.,2006,Jihočeský kraj,Mnichov,240
Mnichov,Mnichov,Population as at 31. 12.,2006,Karlovarský kraj,Mnichov,384
Mnichov,Mnichov,Population as at 31. 12.,2005,Plzeňský kraj,Mnichov,237
Mnichov,Mnichov,Population as at 31. 12.,2005,Jihočeský kraj,Mnichov,243
Mnichov,Mnichov,Population as at 31. 12.,2005,Karlovarský kraj,Mnichov,373
Mnichov,Mnichov,Population as at 31. 12.,2004,Plzeňský kraj,Mnichov,232
Mnichov,Mnichov,Population as at 31. 12.,2004,Jihočeský kraj,Mnichov,244
Mnichov,Mnichov,Population as at 31. 12.,2004,Karlovarský kraj,Mnichov,372
Mnichov,Mnichov,Population as at 31. 12.,2003,Plzeňský kraj,Mnichov,227
Mnichov,Mnichov,Population as at 31. 12.,2003,Jihočeský kraj,Mnichov,240
Mnichov,Mnichov,Population as at 31. 12.,2003,Karlovarský kraj,Mnichov,351
Mnichov,Mnichov,Population as at 31. 12.,2002,Plzeňský kraj,Mnichov,228
Mnichov,Mnichov,Population as at 31. 12.,2002,Jihočeský kraj,Mnichov,235
Mnichov,Mnichov,Population as at 31. 12.,2002,Karlovarský kraj,Mnichov,342
Mnichov,Mnichov,Population as at 31. 12.,2001,Plzeňský kraj,Mnichov,230
Mnichov,Mnichov,Population as at 31. 12.,2001,Jihočeský kraj,Mnichov,231
Mnichov,Mnichov,Population as at 31. 12.,2001,Karlovarský kraj,Mnichov,342
Mnichov,Mnichov,Population as at 31. 12.,2000,Plzeňský kraj,Mnichov,198
Mnichov,Mnichov,Population as at 31. 12.,2000,Jihočeský kraj,Mnichov,222
Mnichov,Mnichov,Population as at 31. 12.,2000,Karlovarský kraj,Mnichov,360
Mírová,Mírová,Population as at 31. 12.,2022,Karlovarský kraj,Mírová,334
Mírová,Mírová,Population as at 31. 12.,2021,Karlovarský kraj,Mírová,326
Mírová,Mírová,Population as at 31. 12.,2020,Karlovarský kraj,Mírová,320
Mírová,Mírová,Population as at 31. 12.,2019,Karlovarský kraj,Mírová,328
Mírová,Mírová,Population as at 31. 12.,2018,Karlovarský kraj,Mírová,336
Mírová,Mírová,Population as at 31. 12.,2017,Karlovarský kraj,Mírová,325
Mírová,Mírová,Population as at 31. 12.,2016,Karlovarský kraj,Mírová,325
Mírová,Mírová,Population as at 31. 12.,2015,Karlovarský kraj,Mírová,324
Mírová,Mírová,Population as at 31. 12.,2014,Karlovarský kraj,Mírová,325
Mírová,Mírová,Population as at 31. 12.,2013,Karlovarský kraj,Mírová,328
Mírová,Mírová,Population as at 31. 12.,2012,Karlovarský kraj,Mírová,319
Mírová,Mírová,Population as at 31. 12.,2011,Karlovarský kraj,Mírová,322
Mírová,Mírová,Population as at 31. 12.,2010,Karlovarský kraj,Mírová,292
Mírová,Mírová,Population as at 31. 12.,2009,Karlovarský kraj,Mírová,283
Mírová,Mírová,Population as at 31. 12.,2008,Karlovarský kraj,Mírová,274
Mírová,Mírová,Population as at 31. 12.,2007,Karlovarský kraj,Mírová,246
Mírová,Mírová,Population as at 31. 12.,2006,Karlovarský kraj,Mírová,241
Mírová,Mírová,Population as at 31. 12.,2005,Karlovarský kraj,Mírová,225
Mírová,Mírová,Population as at 31. 12.,2004,Karlovarský kraj,Mírová,228
Mírová,Mírová,Population as at 31. 12.,2003,Karlovarský kraj,Mírová,233
Mírová,Mírová,Population as at 31. 12.,2002,Karlovarský kraj,Mírová,225
Mírová,Mírová,Population as at 31. 12.,2001,Karlovarský kraj,Mírová,225
Mírová,Mírová,Population as at 31. 12.,2000,Karlovarský kraj,Mírová,208
Nebanice,Nebanice,Population as at 31. 12.,2022,Karlovarský kraj,Nebanice,342
Nebanice,Nebanice,Population as at 31. 12.,2021,Karlovarský kraj,Nebanice,349
Nebanice,Nebanice,Population as at 31. 12.,2020,Karlovarský kraj,Nebanice,355
Nebanice,Nebanice,Population as at 31. 12.,2019,Karlovarský kraj,Nebanice,343
Nebanice,Nebanice,Population as at 31. 12.,2018,Karlovarský kraj,Nebanice,339
Nebanice,Nebanice,Population as at 31. 12.,2017,Karlovarský kraj,Nebanice,341
Nebanice,Nebanice,Population as at 31. 12.,2016,Karlovarský kraj,Nebanice,345
Nebanice,Nebanice,Population as at 31. 12.,2015,Karlovarský kraj,Nebanice,349
Nebanice,Nebanice,Population as at 31. 12.,2014,Karlovarský kraj,Nebanice,353
Nebanice,Nebanice,Population as at 31. 12.,2013,Karlovarský kraj,Nebanice,353
Nebanice,Nebanice,Population as at 31. 12.,2012,Karlovarský kraj,Nebanice,363
Nebanice,Nebanice,Population as at 31. 12.,2011,Karlovarský kraj,Nebanice,372
Nebanice,Nebanice,Population as at 31. 12.,2010,Karlovarský kraj,Nebanice,348
Nebanice,Nebanice,Population as at 31. 12.,2009,Karlovarský kraj,Nebanice,341
Nebanice,Nebanice,Population as at 31. 12.,2008,Karlovarský kraj,Nebanice,308
Nebanice,Nebanice,Population as at 31. 12.,2007,Karlovarský kraj,Nebanice,287
Nebanice,Nebanice,Population as at 31. 12.,2006,Karlovarský kraj,Nebanice,297
Nebanice,Nebanice,Population as at 31. 12.,2005,Karlovarský kraj,Nebanice,291
Nebanice,Nebanice,Population as at 31. 12.,2004,Karlovarský kraj,Nebanice,288
Nebanice,Nebanice,Population as at 31. 12.,2003,Karlovarský kraj,Nebanice,291
Nebanice,Nebanice,Population as at 31. 12.,2002,Karlovarský kraj,Nebanice,298
Nebanice,Nebanice,Population as at 31. 12.,2001,Karlovarský kraj,Nebanice,308
Nebanice,Nebanice,Population as at 31. 12.,2000,Karlovarský kraj,Nebanice,316
Nejdek,Nejdek,Population as at 31. 12.,2022,Karlovarský kraj,Nejdek,7772
Nejdek,Nejdek,Population as at 31. 12.,2021,Karlovarský kraj,Nejdek,7608
Nejdek,Nejdek,Population as at 31. 12.,2020,Karlovarský kraj,Nejdek,7790
Nejdek,Nejdek,Population as at 31. 12.,2019,Karlovarský kraj,Nejdek,7806
Nejdek,Nejdek,Population as at 31. 12.,2018,Karlovarský kraj,Nejdek,7807
Nejdek,Nejdek,Population as at 31. 12.,2017,Karlovarský kraj,Nejdek,7791
Nejdek,Nejdek,Population as at 31. 12.,2016,Karlovarský kraj,Nejdek,7838
Nejdek,Nejdek,Population as at 31. 12.,2015,Karlovarský kraj,Nejdek,7990
Nejdek,Nejdek,Population as at 31. 12.,2014,Karlovarský kraj,Nejdek,8079
Nejdek,Nejdek,Population as at 31. 12.,2013,Karlovarský kraj,Nejdek,8156
Nejdek,Nejdek,Population as at 31. 12.,2012,Karlovarský kraj,Nejdek,8221
Nejdek,Nejdek,Population as at 31. 12.,2011,Karlovarský kraj,Nejdek,8290
Nejdek,Nejdek,Population as at 31. 12.,2010,Karlovarský kraj,Nejdek,8337
Nejdek,Nejdek,Population as at 31. 12.,2009,Karlovarský kraj,Nejdek,8418
Nejdek,Nejdek,Population as at 31. 12.,2008,Karlovarský kraj,Nejdek,8498
Nejdek,Nejdek,Population as at 31. 12.,2007,Karlovarský kraj,Nejdek,8446
Nejdek,Nejdek,Population as at 31. 12.,2006,Karlovarský kraj,Nejdek,8460
Nejdek,Nejdek,Population as at 31. 12.,2005,Karlovarský kraj,Nejdek,8479
Nejdek,Nejdek,Population as at 31. 12.,2004,Karlovarský kraj,Nejdek,8549
Nejdek,Nejdek,Population as at 31. 12.,2003,Karlovarský kraj,Nejdek,8565
Nejdek,Nejdek,Population as at 31. 12.,2002,Karlovarský kraj,Nejdek,8592
Nejdek,Nejdek,Population as at 31. 12.,2001,Karlovarský kraj,Nejdek,8575
Nejdek,Nejdek,Population as at 31. 12.,2000,Karlovarský kraj,Nejdek,8464
Nová Role,Nová Role,Population as at 31. 12.,2022,Karlovarský kraj,Nová Role,4228
Nová Role,Nová Role,Population as at 31. 12.,2021,Karlovarský kraj,Nová Role,4125
Nová Role,Nová Role,Population as at 31. 12.,2020,Karlovarský kraj,Nová Role,4154
Nová Role,Nová Role,Population as at 31. 12.,2019,Karlovarský kraj,Nová Role,4132
Nová Role,Nová Role,Population as at 31. 12.,2018,Karlovarský kraj,Nová Role,4161
Nová Role,Nová Role,Population as at 31. 12.,2017,Karlovarský kraj,Nová Role,4161
Nová Role,Nová Role,Population as at 31. 12.,2016,Karlovarský kraj,Nová Role,4156
Nová Role,Nová Role,Population as at 31. 12.,2015,Karlovarský kraj,Nová Role,4144
Nová Role,Nová Role,Population as at 31. 12.,2014,Karlovarský kraj,Nová Role,4149
Nová Role,Nová Role,Population as at 31. 12.,2013,Karlovarský kraj,Nová Role,4130
Nová Role,Nová Role,Population as at 31. 12.,2012,Karlovarský kraj,Nová Role,4124
Nová Role,Nová Role,Population as at 31. 12.,2011,Karlovarský kraj,Nová Role,4092
Nová Role,Nová Role,Population as at 31. 12.,2010,Karlovarský kraj,Nová Role,4137
Nová Role,Nová Role,Population as at 31. 12.,2009,Karlovarský kraj,Nová Role,4159
Nová Role,Nová Role,Population as at 31. 12.,2008,Karlovarský kraj,Nová Role,4106
Nová Role,Nová Role,Population as at 31. 12.,2007,Karlovarský kraj,Nová Role,4063
Nová Role,Nová Role,Population as at 31. 12.,2006,Karlovarský kraj,Nová Role,4019
Nová Role,Nová Role,Population as at 31. 12.,2005,Karlovarský kraj,Nová Role,3995
Nová Role,Nová Role,Population as at 31. 12.,2004,Karlovarský kraj,Nová Role,4030
Nová Role,Nová Role,Population as at 31. 12.,2003,Karlovarský kraj,Nová Role,4047
Nová Role,Nová Role,Population as at 31. 12.,2002,Karlovarský kraj,Nová Role,4079
Nová Role,Nová Role,Population as at 31. 12.,2001,Karlovarský kraj,Nová Role,4072
Nová Role,Nová Role,Population as at 31. 12.,2000,Karlovarský kraj,Nová Role,4116
Nová Ves,Nová Ves,Population as at 31. 12.,2022,Plzeňský kraj,Nová Ves,292
Nová Ves,Nová Ves,Population as at 31. 12.,2022,Plzeňský kraj,Nová Ves,142
Nová Ves,Nová Ves,Population as at 31. 12.,2022,Středočeský kraj,Nová Ves,1469
Nová Ves,Nová Ves,Population as at 31. 12.,2022,Středočeský kraj,Nová Ves,1057
Nová Ves,Nová Ves,Population as at 31. 12.,2022,Jihočeský kraj,Nová Ves,85
Nová Ves,Nová Ves,Population as at 31. 12.,2022,Jihočeský kraj,Nová Ves,802
Nová Ves,Nová Ves,Population as at 31. 12.,2022,Jihočeský kraj,Nová Ves,410
Nová Ves,Nová Ves,Population as at 31. 12.,2022,Karlovarský kraj,Nová Ves,198
Nová Ves,Nová Ves,Population as at 31. 12.,2022,Ústecký kraj,Nová Ves,128
Nová Ves,Nová Ves,Population as at 31. 12.,2022,Liberecký kraj,Nová Ves,915
Nová Ves,Nová Ves,Population as at 31. 12.,2022,Královéhradecký kraj,Nová Ves,238
Nová Ves,Nová Ves,Population as at 31. 12.,2022,Kraj Vysočina,Nová Ves,257
Nová Ves,Nová Ves,Population as at 31. 12.,2022,Kraj Vysočina,Nová Ves,161
Nová Ves,Nová Ves,Population as at 31. 12.,2022,Jihomoravský kraj,Nová Ves,818
Nová Ves,Nová Ves,Population as at 31. 12.,2021,Plzeňský kraj,Nová Ves,285
Nová Ves,Nová Ves,Population as at 31. 12.,2021,Plzeňský kraj,Nová Ves,137
Nová Ves,Nová Ves,Population as at 31. 12.,2021,Středočeský kraj,Nová Ves,1417
Nová Ves,Nová Ves,Population as at 31. 12.,2021,Středočeský kraj,Nová Ves,1009
Nová Ves,Nová Ves,Population as at 31. 12.,2021,Jihočeský kraj,Nová Ves,86
Nová Ves,Nová Ves,Population as at 31. 12.,2021,Jihočeský kraj,Nová Ves,776
Nová Ves,Nová Ves,Population as at 31. 12.,2021,Jihočeský kraj,Nová Ves,408
Nová Ves,Nová Ves,Population as at 31. 12.,2021,Karlovarský kraj,Nová Ves,205
Nová Ves,Nová Ves,Population as at 31. 12.,2021,Ústecký kraj,Nová Ves,118
Nová Ves,Nová Ves,Population as at 31. 12.,2021,Liberecký kraj,Nová Ves,897
Nová Ves,Nová Ves,Population as at 31. 12.,2021,Královéhradecký kraj,Nová Ves,219
Nová Ves,Nová Ves,Population as at 31. 12.,2021,Kraj Vysočina,Nová Ves,251
Nová Ves,Nová Ves,Population as at 31. 12.,2021,Kraj Vysočina,Nová Ves,161
Nová Ves,Nová Ves,Population as at 31. 12.,2021,Jihomoravský kraj,Nová Ves,812
Nová Ves,Nová Ves,Population as at 31. 12.,2020,Plzeňský kraj,Nová Ves,284
Nová Ves,Nová Ves,Population as at 31. 12.,2020,Plzeňský kraj,Nová Ves,140
Nová Ves,Nová Ves,Population as at 31. 12.,2020,Středočeský kraj,Nová Ves,1386
Nová Ves,Nová Ves,Population as at 31. 12.,2020,Středočeský kraj,Nová Ves,1096
Nová Ves,Nová Ves,Population as at 31. 12.,2020,Jihočeský kraj,Nová Ves,94
Nová Ves,Nová Ves,Population as at 31. 12.,2020,Jihočeský kraj,Nová Ves,779
Nová Ves,Nová Ves,Population as at 31. 12.,2020,Jihočeský kraj,Nová Ves,411
Nová Ves,Nová Ves,Population as at 31. 12.,2020,Karlovarský kraj,Nová Ves,192
Nová Ves,Nová Ves,Population as at 31. 12.,2020,Ústecký kraj,Nová Ves,121
Nová Ves,Nová Ves,Population as at 31. 12.,2020,Liberecký kraj,Nová Ves,881
Nová Ves,Nová Ves,Population as at 31. 12.,2020,Královéhradecký kraj,Nová Ves,218
Nová Ves,Nová Ves,Population as at 31. 12.,2020,Kraj Vysočina,Nová Ves,243
Nová Ves,Nová Ves,Population as at 31. 12.,2020,Kraj Vysočina,Nová Ves,164
Nová Ves,Nová Ves,Population as at 31. 12.,2020,Jihomoravský kraj,Nová Ves,808
Nová Ves,Nová Ves,Population as at 31. 12.,2019,Plzeňský kraj,Nová Ves,287
Nová Ves,Nová Ves,Population as at 31. 12.,2019,Plzeňský kraj,Nová Ves,145
Nová Ves,Nová Ves,Population as at 31. 12.,2019,Středočeský kraj,Nová Ves,1351
Nová Ves,Nová Ves,Population as at 31. 12.,2019,Středočeský kraj,Nová Ves,1105
Nová Ves,Nová Ves,Population as at 31. 12.,2019,Jihočeský kraj,Nová Ves,93
Nová Ves,Nová Ves,Population as at 31. 12.,2019,Jihočeský kraj,Nová Ves,764
Nová Ves,Nová Ves,Population as at 31. 12.,2019,Jihočeský kraj,Nová Ves,416
Nová Ves,Nová Ves,Population as at 31. 12.,2019,Karlovarský kraj,Nová Ves,194
Nová Ves,Nová Ves,Population as at 31. 12.,2019,Ústecký kraj,Nová Ves,122
Nová Ves,Nová Ves,Population as at 31. 12.,2019,Liberecký kraj,Nová Ves,873
Nová Ves,Nová Ves,Population as at 31. 12.,2019,Královéhradecký kraj,Nová Ves,215
Nová Ves,Nová Ves,Population as at 31. 12.,2019,Kraj Vysočina,Nová Ves,247
Nová Ves,Nová Ves,Population as at 31. 12.,2019,Kraj Vysočina,Nová Ves,168
Nová Ves,Nová Ves,Population as at 31. 12.,2019,Jihomoravský kraj,Nová Ves,801
Nová Ves,Nová Ves,Population as at 31. 12.,2018,Plzeňský kraj,Nová Ves,288
Nová Ves,Nová Ves,Population as at 31. 12.,2018,Plzeňský kraj,Nová Ves,137
Nová Ves,Nová Ves,Population as at 31. 12.,2018,Středočeský kraj,Nová Ves,1345
Nová Ves,Nová Ves,Population as at 31. 12.,2018,Středočeský kraj,Nová Ves,1096
Nová Ves,Nová Ves,Population as at 31. 12.,2018,Jihočeský kraj,Nová Ves,93
Nová Ves,Nová Ves,Population as at 31. 12.,2018,Jihočeský kraj,Nová Ves,739
Nová Ves,Nová Ves,Population as at 31. 12.,2018,Jihočeský kraj,Nová Ves,418
Nová Ves,Nová Ves,Population as at 31. 12.,2018,Karlovarský kraj,Nová Ves,177
Nová Ves,Nová Ves,Population as at 31. 12.,2018,Ústecký kraj,Nová Ves,123
Nová Ves,Nová Ves,Population as at 31. 12.,2018,Liberecký kraj,Nová Ves,861
Nová Ves,Nová Ves,Population as at 31. 12.,2018,Královéhradecký kraj,Nová Ves,195
Nová Ves,Nová Ves,Population as at 31. 12.,2018,Kraj Vysočina,Nová Ves,241
Nová Ves,Nová Ves,Population as at 31. 12.,2018,Kraj Vysočina,Nová Ves,161
Nová Ves,Nová Ves,Population as at 31. 12.,2018,Jihomoravský kraj,Nová Ves,809
Nová Ves,Nová Ves,Population as at 31. 12.,2017,Plzeňský kraj,Nová Ves,285
Nová Ves,Nová Ves,Population as at 31. 12.,2017,Plzeňský kraj,Nová Ves,138
Nová Ves,Nová Ves,Population as at 31. 12.,2017,Středočeský kraj,Nová Ves,1290
Nová Ves,Nová Ves,Population as at 31. 12.,2017,Středočeský kraj,Nová Ves,1085
Nová Ves,Nová Ves,Population as at 31. 12.,2017,Jihočeský kraj,Nová Ves,87
Nová Ves,Nová Ves,Population as at 31. 12.,2017,Jihočeský kraj,Nová Ves,734
Nová Ves,Nová Ves,Population as at 31. 12.,2017,Jihočeský kraj,Nová Ves,424
Nová Ves,Nová Ves,Population as at 31. 12.,2017,Karlovarský kraj,Nová Ves,185
Nová Ves,Nová Ves,Population as at 31. 12.,2017,Ústecký kraj,Nová Ves,123
Nová Ves,Nová Ves,Population as at 31. 12.,2017,Liberecký kraj,Nová Ves,852
Nová Ves,Nová Ves,Population as at 31. 12.,2017,Královéhradecký kraj,Nová Ves,185
Nová Ves,Nová Ves,Population as at 31. 12.,2017,Kraj Vysočina,Nová Ves,241
Nová Ves,Nová Ves,Population as at 31. 12.,2017,Kraj Vysočina,Nová Ves,165
Nová Ves,Nová Ves,Population as at 31. 12.,2017,Jihomoravský kraj,Nová Ves,790
Nová Ves,Nová Ves,Population as at 31. 12.,2016,Plzeňský kraj,Nová Ves,290
Nová Ves,Nová Ves,Population as at 31. 12.,2016,Plzeňský kraj,Nová Ves,135
Nová Ves,Nová Ves,Population as at 31. 12.,2016,Středočeský kraj,Nová Ves,1208
Nová Ves,Nová Ves,Population as at 31. 12.,2016,Středočeský kraj,Nová Ves,1058
Nová Ves,Nová Ves,Population as at 31. 12.,2016,Jihočeský kraj,Nová Ves,97
Nová Ves,Nová Ves,Population as at 31. 12.,2016,Jihočeský kraj,Nová Ves,729
Nová Ves,Nová Ves,Population as at 31. 12.,2016,Jihočeský kraj,Nová Ves,426
Nová Ves,Nová Ves,Population as at 31. 12.,2016,Karlovarský kraj,Nová Ves,194
Nová Ves,Nová Ves,Population as at 31. 12.,2016,Ústecký kraj,Nová Ves,118
Nová Ves,Nová Ves,Population as at 31. 12.,2016,Liberecký kraj,Nová Ves,866
Nová Ves,Nová Ves,Population as at 31. 12.,2016,Královéhradecký kraj,Nová Ves,180
Nová Ves,Nová Ves,Population as at 31. 12.,2016,Kraj Vysočina,Nová Ves,243
Nová Ves,Nová Ves,Population as at 31. 12.,2016,Kraj Vysočina,Nová Ves,160
Nová Ves,Nová Ves,Population as at 31. 12.,2016,Jihomoravský kraj,Nová Ves,793
Nová Ves,Nová Ves,Population as at 31. 12.,2015,Plzeňský kraj,Nová Ves,295
Nová Ves,Nová Ves,Population as at 31. 12.,2015,Plzeňský kraj,Nová Ves,134
Nová Ves,Nová Ves,Population as at 31. 12.,2015,Středočeský kraj,Nová Ves,1108
Nová Ves,Nová Ves,Population as at 31. 12.,2015,Středočeský kraj,Nová Ves,1024
Nová Ves,Nová Ves,Population as at 31. 12.,2015,Jihočeský kraj,Nová Ves,100
Nová Ves,Nová Ves,Population as at 31. 12.,2015,Jihočeský kraj,Nová Ves,739
Nová Ves,Nová Ves,Population as at 31. 12.,2015,Jihočeský kraj,Nová Ves,415
Nová Ves,Nová Ves,Population as at 31. 12.,2015,Karlovarský kraj,Nová Ves,209
Nová Ves,Nová Ves,Population as at 31. 12.,2015,Ústecký kraj,Nová Ves,120
Nová Ves,Nová Ves,Population as at 31. 12.,2015,Liberecký kraj,Nová Ves,859
Nová Ves,Nová Ves,Population as at 31. 12.,2015,Královéhradecký kraj,Nová Ves,178
Nová Ves,Nová Ves,Population as at 31. 12.,2015,Kraj Vysočina,Nová Ves,236
Nová Ves,Nová Ves,Population as at 31. 12.,2015,Kraj Vysočina,Nová Ves,157
Nová Ves,Nová Ves,Population as at 31. 12.,2015,Jihomoravský kraj,Nová Ves,772
Nová Ves,Nová Ves,Population as at 31. 12.,2014,Plzeňský kraj,Nová Ves,285
Nová Ves,Nová Ves,Population as at 31. 12.,2014,Plzeňský kraj,Nová Ves,139
Nová Ves,Nová Ves,Population as at 31. 12.,2014,Středočeský kraj,Nová Ves,1043
Nová Ves,Nová Ves,Population as at 31. 12.,2014,Středočeský kraj,Nová Ves,1043
Nová Ves,Nová Ves,Population as at 31. 12.,2014,Jihočeský kraj,Nová Ves,105
Nová Ves,Nová Ves,Population as at 31. 12.,2014,Jihočeský kraj,Nová Ves,720
Nová Ves,Nová Ves,Population as at 31. 12.,2014,Jihočeský kraj,Nová Ves,419
Nová Ves,Nová Ves,Population as at 31. 12.,2014,Karlovarský kraj,Nová Ves,223
Nová Ves,Nová Ves,Population as at 31. 12.,2014,Ústecký kraj,Nová Ves,116
Nová Ves,Nová Ves,Population as at 31. 12.,2014,Liberecký kraj,Nová Ves,855
Nová Ves,Nová Ves,Population as at 31. 12.,2014,Královéhradecký kraj,Nová Ves,175
Nová Ves,Nová Ves,Population as at 31. 12.,2014,Kraj Vysočina,Nová Ves,231
Nová Ves,Nová Ves,Population as at 31. 12.,2014,Kraj Vysočina,Nová Ves,161
Nová Ves,Nová Ves,Population as at 31. 12.,2014,Jihomoravský kraj,Nová Ves,778
Nová Ves,Nová Ves,Population as at 31. 12.,2013,Plzeňský kraj,Nová Ves,267
Nová Ves,Nová Ves,Population as at 31. 12.,2013,Plzeňský kraj,Nová Ves,141
Nová Ves,Nová Ves,Population as at 31. 12.,2013,Středočeský kraj,Nová Ves,949
Nová Ves,Nová Ves,Population as at 31. 12.,2013,Středočeský kraj,Nová Ves,1035
Nová Ves,Nová Ves,Population as at 31. 12.,2013,Jihočeský kraj,Nová Ves,99
Nová Ves,Nová Ves,Population as at 31. 12.,2013,Jihočeský kraj,Nová Ves,722
Nová Ves,Nová Ves,Population as at 31. 12.,2013,Jihočeský kraj,Nová Ves,413
Nová Ves,Nová Ves,Population as at 31. 12.,2013,Karlovarský kraj,Nová Ves,228
Nová Ves,Nová Ves,Population as at 31. 12.,2013,Ústecký kraj,Nová Ves,117
Nová Ves,Nová Ves,Population as at 31. 12.,2013,Liberecký kraj,Nová Ves,813
Nová Ves,Nová Ves,Population as at 31. 12.,2013,Královéhradecký kraj,Nová Ves,164
Nová Ves,Nová Ves,Population as at 31. 12.,2013,Kraj Vysočina,Nová Ves,214
Nová Ves,Nová Ves,Population as at 31. 12.,2013,Kraj Vysočina,Nová Ves,162
Nová Ves,Nová Ves,Population as at 31. 12.,2013,Jihomoravský kraj,Nová Ves,777
Nová Ves,Nová Ves,Population as at 31. 12.,2012,Plzeňský kraj,Nová Ves,272
Nová Ves,Nová Ves,Population as at 31. 12.,2012,Plzeňský kraj,Nová Ves,139
Nová Ves,Nová Ves,Population as at 31. 12.,2012,Středočeský kraj,Nová Ves,816
Nová Ves,Nová Ves,Population as at 31. 12.,2012,Středočeský kraj,Nová Ves,1054
Nová Ves,Nová Ves,Population as at 31. 12.,2012,Jihočeský kraj,Nová Ves,100
Nová Ves,Nová Ves,Population as at 31. 12.,2012,Jihočeský kraj,Nová Ves,716
Nová Ves,Nová Ves,Population as at 31. 12.,2012,Jihočeský kraj,Nová Ves,418
Nová Ves,Nová Ves,Population as at 31. 12.,2012,Karlovarský kraj,Nová Ves,220
Nová Ves,Nová Ves,Population as at 31. 12.,2012,Ústecký kraj,Nová Ves,114
Nová Ves,Nová Ves,Population as at 31. 12.,2012,Liberecký kraj,Nová Ves,822
Nová Ves,Nová Ves,Population as at 31. 12.,2012,Královéhradecký kraj,Nová Ves,158
Nová Ves,Nová Ves,Population as at 31. 12.,2012,Kraj Vysočina,Nová Ves,206
Nová Ves,Nová Ves,Population as at 31. 12.,2012,Kraj Vysočina,Nová Ves,165
Nová Ves,Nová Ves,Population as at 31. 12.,2012,Jihomoravský kraj,Nová Ves,780
Nová Ves,Nová Ves,Population as at 31. 12.,2011,Plzeňský kraj,Nová Ves,268
Nová Ves,Nová Ves,Population as at 31. 12.,2011,Plzeňský kraj,Nová Ves,135
Nová Ves,Nová Ves,Population as at 31. 12.,2011,Středočeský kraj,Nová Ves,675
Nová Ves,Nová Ves,Population as at 31. 12.,2011,Středočeský kraj,Nová Ves,1104
Nová Ves,Nová Ves,Population as at 31. 12.,2011,Jihočeský kraj,Nová Ves,95
Nová Ves,Nová Ves,Population as at 31. 12.,2011,Jihočeský kraj,Nová Ves,714
Nová Ves,Nová Ves,Population as at 31. 12.,2011,Jihočeský kraj,Nová Ves,426
Nová Ves,Nová Ves,Population as at 31. 12.,2011,Karlovarský kraj,Nová Ves,231
Nová Ves,Nová Ves,Population as at 31. 12.,2011,Ústecký kraj,Nová Ves,118
Nová Ves,Nová Ves,Population as at 31. 12.,2011,Liberecký kraj,Nová Ves,789
Nová Ves,Nová Ves,Population as at 31. 12.,2011,Královéhradecký kraj,Nová Ves,160
Nová Ves,Nová Ves,Population as at 31. 12.,2011,Kraj Vysočina,Nová Ves,202
Nová Ves,Nová Ves,Population as at 31. 12.,2011,Kraj Vysočina,Nová Ves,164
Nová Ves,Nová Ves,Population as at 31. 12.,2011,Jihomoravský kraj,Nová Ves,782
Nová Ves,Nová Ves,Population as at 31. 12.,2010,Plzeňský kraj,Nová Ves,252
Nová Ves,Nová Ves,Population as at 31. 12.,2010,Plzeňský kraj,Nová Ves,141
Nová Ves,Nová Ves,Population as at 31. 12.,2010,Středočeský kraj,Nová Ves,518
Nová Ves,Nová Ves,Population as at 31. 12.,2010,Středočeský kraj,Nová Ves,1199
Nová Ves,Nová Ves,Population as at 31. 12.,2010,Jihočeský kraj,Nová Ves,74
Nová Ves,Nová Ves,Population as at 31. 12.,2010,Jihočeský kraj,Nová Ves,713
Nová Ves,Nová Ves,Population as at 31. 12.,2010,Jihočeský kraj,Nová Ves,428
Nová Ves,Nová Ves,Population as at 31. 12.,2010,Karlovarský kraj,Nová Ves,283
Nová Ves,Nová Ves,Population as at 31. 12.,2010,Ústecký kraj,Nová Ves,110
Nová Ves,Nová Ves,Population as at 31. 12.,2010,Liberecký kraj,Nová Ves,818
Nová Ves,Nová Ves,Population as at 31. 12.,2010,Královéhradecký kraj,Nová Ves,134
Nová Ves,Nová Ves,Population as at 31. 12.,2010,Kraj Vysočina,Nová Ves,213
Nová Ves,Nová Ves,Population as at 31. 12.,2010,Kraj Vysočina,Nová Ves,164
Nová Ves,Nová Ves,Population as at 31. 12.,2010,Jihomoravský kraj,Nová Ves,767
Nová Ves,Nová Ves,Population as at 31. 12.,2009,Plzeňský kraj,Nová Ves,251
Nová Ves,Nová Ves,Population as at 31. 12.,2009,Plzeňský kraj,Nová Ves,140
Nová Ves,Nová Ves,Population as at 31. 12.,2009,Středočeský kraj,Nová Ves,423
Nová Ves,Nová Ves,Population as at 31. 12.,2009,Středočeský kraj,Nová Ves,1207
Nová Ves,Nová Ves,Population as at 31. 12.,2009,Jihočeský kraj,Nová Ves,67
Nová Ves,Nová Ves,Population as at 31. 12.,2009,Jihočeský kraj,Nová Ves,694
Nová Ves,Nová Ves,Population as at 31. 12.,2009,Jihočeský kraj,Nová Ves,416
Nová Ves,Nová Ves,Population as at 31. 12.,2009,Karlovarský kraj,Nová Ves,290
Nová Ves,Nová Ves,Population as at 31. 12.,2009,Ústecký kraj,Nová Ves,99
Nová Ves,Nová Ves,Population as at 31. 12.,2009,Liberecký kraj,Nová Ves,808
Nová Ves,Nová Ves,Population as at 31. 12.,2009,Královéhradecký kraj,Nová Ves,136
Nová Ves,Nová Ves,Population as at 31. 12.,2009,Kraj Vysočina,Nová Ves,207
Nová Ves,Nová Ves,Population as at 31. 12.,2009,Kraj Vysočina,Nová Ves,166
Nová Ves,Nová Ves,Population as at 31. 12.,2009,Jihomoravský kraj,Nová Ves,763
Nová Ves,Nová Ves,Population as at 31. 12.,2008,Plzeňský kraj,Nová Ves,240
Nová Ves,Nová Ves,Population as at 31. 12.,2008,Plzeňský kraj,Nová Ves,139
Nová Ves,Nová Ves,Population as at 31. 12.,2008,Středočeský kraj,Nová Ves,287
Nová Ves,Nová Ves,Population as at 31. 12.,2008,Středočeský kraj,Nová Ves,1066
Nová Ves,Nová Ves,Population as at 31. 12.,2008,Jihočeský kraj,Nová Ves,71
Nová Ves,Nová Ves,Population as at 31. 12.,2008,Jihočeský kraj,Nová Ves,680
Nová Ves,Nová Ves,Population as at 31. 12.,2008,Jihočeský kraj,Nová Ves,421
Nová Ves,Nová Ves,Population as at 31. 12.,2008,Karlovarský kraj,Nová Ves,288
Nová Ves,Nová Ves,Population as at 31. 12.,2008,Ústecký kraj,Nová Ves,99
Nová Ves,Nová Ves,Population as at 31. 12.,2008,Liberecký kraj,Nová Ves,821
Nová Ves,Nová Ves,Population as at 31. 12.,2008,Královéhradecký kraj,Nová Ves,132
Nová Ves,Nová Ves,Population as at 31. 12.,2008,Kraj Vysočina,Nová Ves,199
Nová Ves,Nová Ves,Population as at 31. 12.,2008,Kraj Vysočina,Nová Ves,166
Nová Ves,Nová Ves,Population as at 31. 12.,2008,Jihomoravský kraj,Nová Ves,767
Nová Ves,Nová Ves,Population as at 31. 12.,2007,Plzeňský kraj,Nová Ves,229
Nová Ves,Nová Ves,Population as at 31. 12.,2007,Plzeňský kraj,Nová Ves,139
Nová Ves,Nová Ves,Population as at 31. 12.,2007,Středočeský kraj,Nová Ves,251
Nová Ves,Nová Ves,Population as at 31. 12.,2007,Středočeský kraj,Nová Ves,899
Nová Ves,Nová Ves,Population as at 31. 12.,2007,Jihočeský kraj,Nová Ves,73
Nová Ves,Nová Ves,Population as at 31. 12.,2007,Jihočeský kraj,Nová Ves,658
Nová Ves,Nová Ves,Population as at 31. 12.,2007,Jihočeský kraj,Nová Ves,416
Nová Ves,Nová Ves,Population as at 31. 12.,2007,Karlovarský kraj,Nová Ves,296
Nová Ves,Nová Ves,Population as at 31. 12.,2007,Ústecký kraj,Nová Ves,94
Nová Ves,Nová Ves,Population as at 31. 12.,2007,Liberecký kraj,Nová Ves,779
Nová Ves,Nová Ves,Population as at 31. 12.,2007,Královéhradecký kraj,Nová Ves,128
Nová Ves,Nová Ves,Population as at 31. 12.,2007,Kraj Vysočina,Nová Ves,195
Nová Ves,Nová Ves,Population as at 31. 12.,2007,Kraj Vysočina,Nová Ves,171
Nová Ves,Nová Ves,Population as at 31. 12.,2007,Jihomoravský kraj,Nová Ves,760
Nová Ves,Nová Ves,Population as at 31. 12.,2006,Plzeňský kraj,Nová Ves,217
Nová Ves,Nová Ves,Population as at 31. 12.,2006,Plzeňský kraj,Nová Ves,138
Nová Ves,Nová Ves,Population as at 31. 12.,2006,Středočeský kraj,Nová Ves,246
Nová Ves,Nová Ves,Population as at 31. 12.,2006,Středočeský kraj,Nová Ves,845
Nová Ves,Nová Ves,Population as at 31. 12.,2006,Jihočeský kraj,Nová Ves,66
Nová Ves,Nová Ves,Population as at 31. 12.,2006,Jihočeský kraj,Nová Ves,643
Nová Ves,Nová Ves,Population as at 31. 12.,2006,Jihočeský kraj,Nová Ves,413
Nová Ves,Nová Ves,Population as at 31. 12.,2006,Karlovarský kraj,Nová Ves,290
Nová Ves,Nová Ves,Population as at 31. 12.,2006,Ústecký kraj,Nová Ves,95
Nová Ves,Nová Ves,Population as at 31. 12.,2006,Liberecký kraj,Nová Ves,775
Nová Ves,Nová Ves,Population as at 31. 12.,2006,Královéhradecký kraj,Nová Ves,125
Nová Ves,Nová Ves,Population as at 31. 12.,2006,Kraj Vysočina,Nová Ves,188
Nová Ves,Nová Ves,Population as at 31. 12.,2006,Kraj Vysočina,Nová Ves,169
Nová Ves,Nová Ves,Population as at 31. 12.,2006,Jihomoravský kraj,Nová Ves,743
Nová Ves,Nová Ves,Population as at 31. 12.,2005,Plzeňský kraj,Nová Ves,197
Nová Ves,Nová Ves,Population as at 31. 12.,2005,Plzeňský kraj,Nová Ves,139
Nová Ves,Nová Ves,Population as at 31. 12.,2005,Středočeský kraj,Nová Ves,239
Nová Ves,Nová Ves,Population as at 31. 12.,2005,Středočeský kraj,Nová Ves,849
Nová Ves,Nová Ves,Population as at 31. 12.,2005,Jihočeský kraj,Nová Ves,78
Nová Ves,Nová Ves,Population as at 31. 12.,2005,Jihočeský kraj,Nová Ves,631
Nová Ves,Nová Ves,Population as at 31. 12.,2005,Jihočeský kraj,Nová Ves,411
Nová Ves,Nová Ves,Population as at 31. 12.,2005,Karlovarský kraj,Nová Ves,289
Nová Ves,Nová Ves,Population as at 31. 12.,2005,Ústecký kraj,Nová Ves,95
Nová Ves,Nová Ves,Population as at 31. 12.,2005,Liberecký kraj,Nová Ves,758
Nová Ves,Nová Ves,Population as at 31. 12.,2005,Královéhradecký kraj,Nová Ves,122
Nová Ves,Nová Ves,Population as at 31. 12.,2005,Kraj Vysočina,Nová Ves,186
Nová Ves,Nová Ves,Population as at 31. 12.,2005,Kraj Vysočina,Nová Ves,170
Nová Ves,Nová Ves,Population as at 31. 12.,2005,Jihomoravský kraj,Nová Ves,747
Nová Ves,Nová Ves,Population as at 31. 12.,2004,Plzeňský kraj,Nová Ves,188
Nová Ves,Nová Ves,Population as at 31. 12.,2004,Plzeňský kraj,Nová Ves,139
Nová Ves,Nová Ves,Population as at 31. 12.,2004,Středočeský kraj,Nová Ves,236
Nová Ves,Nová Ves,Population as at 31. 12.,2004,Středočeský kraj,Nová Ves,857
Nová Ves,Nová Ves,Population as at 31. 12.,2004,Jihočeský kraj,Nová Ves,76
Nová Ves,Nová Ves,Population as at 31. 12.,2004,Jihočeský kraj,Nová Ves,611
Nová Ves,Nová Ves,Population as at 31. 12.,2004,Jihočeský kraj,Nová Ves,400
Nová Ves,Nová Ves,Population as at 31. 12.,2004,Karlovarský kraj,Nová Ves,281
Nová Ves,Nová Ves,Population as at 31. 12.,2004,Ústecký kraj,Nová Ves,96
Nová Ves,Nová Ves,Population as at 31. 12.,2004,Liberecký kraj,Nová Ves,739
Nová Ves,Nová Ves,Population as at 31. 12.,2004,Královéhradecký kraj,Nová Ves,126
Nová Ves,Nová Ves,Population as at 31. 12.,2004,Kraj Vysočina,Nová Ves,186
Nová Ves,Nová Ves,Population as at 31. 12.,2004,Kraj Vysočina,Nová Ves,177
Nová Ves,Nová Ves,Population as at 31. 12.,2004,Jihomoravský kraj,Nová Ves,728
Nová Ves,Nová Ves,Population as at 31. 12.,2003,Plzeňský kraj,Nová Ves,181
Nová Ves,Nová Ves,Population as at 31. 12.,2003,Plzeňský kraj,Nová Ves,148
Nová Ves,Nová Ves,Population as at 31. 12.,2003,Středočeský kraj,Nová Ves,230
Nová Ves,Nová Ves,Population as at 31. 12.,2003,Středočeský kraj,Nová Ves,827
Nová Ves,Nová Ves,Population as at 31. 12.,2003,Jihočeský kraj,Nová Ves,78
Nová Ves,Nová Ves,Population as at 31. 12.,2003,Jihočeský kraj,Nová Ves,607
Nová Ves,Nová Ves,Population as at 31. 12.,2003,Jihočeský kraj,Nová Ves,392
Nová Ves,Nová Ves,Population as at 31. 12.,2003,Karlovarský kraj,Nová Ves,269
Nová Ves,Nová Ves,Population as at 31. 12.,2003,Ústecký kraj,Nová Ves,100
Nová Ves,Nová Ves,Population as at 31. 12.,2003,Liberecký kraj,Nová Ves,714
Nová Ves,Nová Ves,Population as at 31. 12.,2003,Královéhradecký kraj,Nová Ves,129
Nová Ves,Nová Ves,Population as at 31. 12.,2003,Kraj Vysočina,Nová Ves,187
Nová Ves,Nová Ves,Population as at 31. 12.,2003,Kraj Vysočina,Nová Ves,176
Nová Ves,Nová Ves,Population as at 31. 12.,2003,Jihomoravský kraj,Nová Ves,712
Nová Ves,Nová Ves,Population as at 31. 12.,2002,Plzeňský kraj,Nová Ves,170
Nová Ves,Nová Ves,Population as at 31. 12.,2002,Plzeňský kraj,Nová Ves,156
Nová Ves,Nová Ves,Population as at 31. 12.,2002,Středočeský kraj,Nová Ves,231
Nová Ves,Nová Ves,Population as at 31. 12.,2002,Středočeský kraj,Nová Ves,820
Nová Ves,Nová Ves,Population as at 31. 12.,2002,Jihočeský kraj,Nová Ves,81
Nová Ves,Nová Ves,Population as at 31. 12.,2002,Jihočeský kraj,Nová Ves,572
Nová Ves,Nová Ves,Population as at 31. 12.,2002,Jihočeský kraj,Nová Ves,387
Nová Ves,Nová Ves,Population as at 31. 12.,2002,Karlovarský kraj,Nová Ves,260
Nová Ves,Nová Ves,Population as at 31. 12.,2002,Ústecký kraj,Nová Ves,97
Nová Ves,Nová Ves,Population as at 31. 12.,2002,Liberecký kraj,Nová Ves,678
Nová Ves,Nová Ves,Population as at 31. 12.,2002,Královéhradecký kraj,Nová Ves,131
Nová Ves,Nová Ves,Population as at 31. 12.,2002,Kraj Vysočina,Nová Ves,192
Nová Ves,Nová Ves,Population as at 31. 12.,2002,Kraj Vysočina,Nová Ves,183
Nová Ves,Nová Ves,Population as at 31. 12.,2002,Jihomoravský kraj,Nová Ves,712
Nová Ves,Nová Ves,Population as at 31. 12.,2001,Plzeňský kraj,Nová Ves,172
Nová Ves,Nová Ves,Population as at 31. 12.,2001,Plzeňský kraj,Nová Ves,157
Nová Ves,Nová Ves,Population as at 31. 12.,2001,Středočeský kraj,Nová Ves,226
Nová Ves,Nová Ves,Population as at 31. 12.,2001,Středočeský kraj,Nová Ves,809
Nová Ves,Nová Ves,Population as at 31. 12.,2001,Jihočeský kraj,Nová Ves,83
Nová Ves,Nová Ves,Population as at 31. 12.,2001,Jihočeský kraj,Nová Ves,556
Nová Ves,Nová Ves,Population as at 31. 12.,2001,Jihočeský kraj,Nová Ves,387
Nová Ves,Nová Ves,Population as at 31. 12.,2001,Karlovarský kraj,Nová Ves,252
Nová Ves,Nová Ves,Population as at 31. 12.,2001,Ústecký kraj,Nová Ves,100
Nová Ves,Nová Ves,Population as at 31. 12.,2001,Liberecký kraj,Nová Ves,664
Nová Ves,Nová Ves,Population as at 31. 12.,2001,Královéhradecký kraj,Nová Ves,140
Nová Ves,Nová Ves,Population as at 31. 12.,2001,Kraj Vysočina,Nová Ves,196
Nová Ves,Nová Ves,Population as at 31. 12.,2001,Kraj Vysočina,Nová Ves,181
Nová Ves,Nová Ves,Population as at 31. 12.,2001,Jihomoravský kraj,Nová Ves,704
Nová Ves,Nová Ves,Population as at 31. 12.,2000,Plzeňský kraj,Nová Ves,106
Nová Ves,Nová Ves,Population as at 31. 12.,2000,Plzeňský kraj,Nová Ves,135
Nová Ves,Nová Ves,Population as at 31. 12.,2000,Středočeský kraj,Nová Ves,194
Nová Ves,Nová Ves,Population as at 31. 12.,2000,Středočeský kraj,Nová Ves,827
Nová Ves,Nová Ves,Population as at 31. 12.,2000,Jihočeský kraj,Nová Ves,102
Nová Ves,Nová Ves,Population as at 31. 12.,2000,Jihočeský kraj,Nová Ves,504
Nová Ves,Nová Ves,Population as at 31. 12.,2000,Jihočeský kraj,Nová Ves,396
Nová Ves,Nová Ves,Population as at 31. 12.,2000,Karlovarský kraj,Nová Ves,245
Nová Ves,Nová Ves,Population as at 31. 12.,2000,Ústecký kraj,Nová Ves,104
Nová Ves,Nová Ves,Population as at 31. 12.,2000,Liberecký kraj,Nová Ves,599
Nová Ves,Nová Ves,Population as at 31. 12.,2000,Královéhradecký kraj,Nová Ves,136
Nová Ves,Nová Ves,Population as at 31. 12.,2000,Kraj Vysočina,Nová Ves,177
Nová Ves,Nová Ves,Population as at 31. 12.,2000,Kraj Vysočina,Nová Ves,168
Nová Ves,Nová Ves,Population as at 31. 12.,2000,Jihomoravský kraj,Nová Ves,726
Nové Hamry,Nové Hamry,Population as at 31. 12.,2022,Karlovarský kraj,Nové Hamry,362
Nové Hamry,Nové Hamry,Population as at 31. 12.,2021,Karlovarský kraj,Nové Hamry,341
Nové Hamry,Nové Hamry,Population as at 31. 12.,2020,Karlovarský kraj,Nové Hamry,339
Nové Hamry,Nové Hamry,Population as at 31. 12.,2019,Karlovarský kraj,Nové Hamry,343
Nové Hamry,Nové Hamry,Population as at 31. 12.,2018,Karlovarský kraj,Nové Hamry,339
Nové Hamry,Nové Hamry,Population as at 31. 12.,2017,Karlovarský kraj,Nové Hamry,342
Nové Hamry,Nové Hamry,Population as at 31. 12.,2016,Karlovarský kraj,Nové Hamry,335
Nové Hamry,Nové Hamry,Population as at 31. 12.,2015,Karlovarský kraj,Nové Hamry,334
Nové Hamry,Nové Hamry,Population as at 31. 12.,2014,Karlovarský kraj,Nové Hamry,332
Nové Hamry,Nové Hamry,Population as at 31. 12.,2013,Karlovarský kraj,Nové Hamry,339
Nové Hamry,Nové Hamry,Population as at 31. 12.,2012,Karlovarský kraj,Nové Hamry,344
Nové Hamry,Nové Hamry,Population as at 31. 12.,2011,Karlovarský kraj,Nové Hamry,337
Nové Hamry,Nové Hamry,Population as at 31. 12.,2010,Karlovarský kraj,Nové Hamry,322
Nové Hamry,Nové Hamry,Population as at 31. 12.,2009,Karlovarský kraj,Nové Hamry,327
Nové Hamry,Nové Hamry,Population as at 31. 12.,2008,Karlovarský kraj,Nové Hamry,326
Nové Hamry,Nové Hamry,Population as at 31. 12.,2007,Karlovarský kraj,Nové Hamry,331
Nové Hamry,Nové Hamry,Population as at 31. 12.,2006,Karlovarský kraj,Nové Hamry,316
Nové Hamry,Nové Hamry,Population as at 31. 12.,2005,Karlovarský kraj,Nové Hamry,313
Nové Hamry,Nové Hamry,Population as at 31. 12.,2004,Karlovarský kraj,Nové Hamry,302
Nové Hamry,Nové Hamry,Population as at 31. 12.,2003,Karlovarský kraj,Nové Hamry,292
Nové Hamry,Nové Hamry,Population as at 31. 12.,2002,Karlovarský kraj,Nové Hamry,278
Nové Hamry,Nové Hamry,Population as at 31. 12.,2001,Karlovarský kraj,Nové Hamry,282
Nové Hamry,Nové Hamry,Population as at 31. 12.,2000,Karlovarský kraj,Nové Hamry,283
Nové Sedlo,Nové Sedlo,Population as at 31. 12.,2022,Karlovarský kraj,Nové Sedlo,2598
Nové Sedlo,Nové Sedlo,Population as at 31. 12.,2022,Ústecký kraj,Nové Sedlo,612
Nové Sedlo,Nové Sedlo,Population as at 31. 12.,2021,Karlovarský kraj,Nové Sedlo,2554
Nové Sedlo,Nové Sedlo,Population as at 31. 12.,2021,Ústecký kraj,Nové Sedlo,591
Nové Sedlo,Nové Sedlo,Population as at 31. 12.,2020,Karlovarský kraj,Nové Sedlo,2612
Nové Sedlo,Nové Sedlo,Population as at 31. 12.,2020,Ústecký kraj,Nové Sedlo,610
Nové Sedlo,Nové Sedlo,Population as at 31. 12.,2019,Karlovarský kraj,Nové Sedlo,2604
Nové Sedlo,Nové Sedlo,Population as at 31. 12.,2019,Ústecký kraj,Nové Sedlo,571
Nové Sedlo,Nové Sedlo,Population as at 31. 12.,2018,Karlovarský kraj,Nové Sedlo,2599
Nové Sedlo,Nové Sedlo,Population as at 31. 12.,2018,Ústecký kraj,Nové Sedlo,562
Nové Sedlo,Nové Sedlo,Population as at 31. 12.,2017,Karlovarský kraj,Nové Sedlo,2590
Nové Sedlo,Nové Sedlo,Population as at 31. 12.,2017,Ústecký kraj,Nové Sedlo,538
Nové Sedlo,Nové Sedlo,Population as at 31. 12.,2016,Karlovarský kraj,Nové Sedlo,2576
Nové Sedlo,Nové Sedlo,Population as at 31. 12.,2016,Ústecký kraj,Nové Sedlo,533
Nové Sedlo,Nové Sedlo,Population as at 31. 12.,2015,Karlovarský kraj,Nové Sedlo,2565
Nové Sedlo,Nové Sedlo,Population as at 31. 12.,2015,Ústecký kraj,Nové Sedlo,542
Nové Sedlo,Nové Sedlo,Population as at 31. 12.,2014,Karlovarský kraj,Nové Sedlo,2586
Nové Sedlo,Nové Sedlo,Population as at 31. 12.,2014,Ústecký kraj,Nové Sedlo,538
Nové Sedlo,Nové Sedlo,Population as at 31. 12.,2013,Karlovarský kraj,Nové Sedlo,2597
Nové Sedlo,Nové Sedlo,Population as at 31. 12.,2013,Ústecký kraj,Nové Sedlo,519
Nové Sedlo,Nové Sedlo,Population as at 31. 12.,2012,Karlovarský kraj,Nové Sedlo,2627
Nové Sedlo,Nové Sedlo,Population as at 31. 12.,2012,Ústecký kraj,Nové Sedlo,542
Nové Sedlo,Nové Sedlo,Population as at 31. 12.,2011,Karlovarský kraj,Nové Sedlo,2606
Nové Sedlo,Nové Sedlo,Population as at 31. 12.,2011,Ústecký kraj,Nové Sedlo,557
Nové Sedlo,Nové Sedlo,Population as at 31. 12.,2010,Karlovarský kraj,Nové Sedlo,2714
Nové Sedlo,Nové Sedlo,Population as at 31. 12.,2010,Ústecký kraj,Nové Sedlo,564
Nové Sedlo,Nové Sedlo,Population as at 31. 12.,2009,Karlovarský kraj,Nové Sedlo,2713
Nové Sedlo,Nové Sedlo,Population as at 31. 12.,2009,Ústecký kraj,Nové Sedlo,562
Nové Sedlo,Nové Sedlo,Population as at 31. 12.,2008,Karlovarský kraj,Nové Sedlo,2721
Nové Sedlo,Nové Sedlo,Population as at 31. 12.,2008,Ústecký kraj,Nové Sedlo,567
Nové Sedlo,Nové Sedlo,Population as at 31. 12.,2007,Karlovarský kraj,Nové Sedlo,2704
Nové Sedlo,Nové Sedlo,Population as at 31. 12.,2007,Ústecký kraj,Nové Sedlo,552
Nové Sedlo,Nové Sedlo,Population as at 31. 12.,2006,Karlovarský kraj,Nové Sedlo,2694
Nové Sedlo,Nové Sedlo,Population as at 31. 12.,2006,Ústecký kraj,Nové Sedlo,550
Nové Sedlo,Nové Sedlo,Population as at 31. 12.,2005,Karlovarský kraj,Nové Sedlo,2698
Nové Sedlo,Nové Sedlo,Population as at 31. 12.,2005,Ústecký kraj,Nové Sedlo,544
Nové Sedlo,Nové Sedlo,Population as at 31. 12.,2004,Karlovarský kraj,Nové Sedlo,2674
Nové Sedlo,Nové Sedlo,Population as at 31. 12.,2004,Ústecký kraj,Nové Sedlo,546
Nové Sedlo,Nové Sedlo,Population as at 31. 12.,2003,Karlovarský kraj,Nové Sedlo,2669
Nové Sedlo,Nové Sedlo,Population as at 31. 12.,2003,Ústecký kraj,Nové Sedlo,549
Nové Sedlo,Nové Sedlo,Population as at 31. 12.,2002,Karlovarský kraj,Nové Sedlo,2657
Nové Sedlo,Nové Sedlo,Population as at 31. 12.,2002,Ústecký kraj,Nové Sedlo,551
Nové Sedlo,Nové Sedlo,Population as at 31. 12.,2001,Karlovarský kraj,Nové Sedlo,2634
Nové Sedlo,Nové Sedlo,Population as at 31. 12.,2001,Ústecký kraj,Nové Sedlo,541
Nové Sedlo,Nové Sedlo,Population as at 31. 12.,2000,Karlovarský kraj,Nové Sedlo,2593
Nové Sedlo,Nové Sedlo,Population as at 31. 12.,2000,Ústecký kraj,Nové Sedlo,561
Nový Kostel,Nový Kostel,Population as at 31. 12.,2022,Karlovarský kraj,Nový Kostel,515
Nový Kostel,Nový Kostel,Population as at 31. 12.,2021,Karlovarský kraj,Nový Kostel,493
Nový Kostel,Nový Kostel,Population as at 31. 12.,2020,Karlovarský kraj,Nový Kostel,495
Nový Kostel,Nový Kostel,Population as at 31. 12.,2019,Karlovarský kraj,Nový Kostel,500
Nový Kostel,Nový Kostel,Population as at 31. 12.,2018,Karlovarský kraj,Nový Kostel,490
Nový Kostel,Nový Kostel,Population as at 31. 12.,2017,Karlovarský kraj,Nový Kostel,496
Nový Kostel,Nový Kostel,Population as at 31. 12.,2016,Karlovarský kraj,Nový Kostel,489
Nový Kostel,Nový Kostel,Population as at 31. 12.,2015,Karlovarský kraj,Nový Kostel,488
Nový Kostel,Nový Kostel,Population as at 31. 12.,2014,Karlovarský kraj,Nový Kostel,493
Nový Kostel,Nový Kostel,Population as at 31. 12.,2013,Karlovarský kraj,Nový Kostel,502
Nový Kostel,Nový Kostel,Population as at 31. 12.,2012,Karlovarský kraj,Nový Kostel,514
Nový Kostel,Nový Kostel,Population as at 31. 12.,2011,Karlovarský kraj,Nový Kostel,528
Nový Kostel,Nový Kostel,Population as at 31. 12.,2010,Karlovarský kraj,Nový Kostel,549
Nový Kostel,Nový Kostel,Population as at 31. 12.,2009,Karlovarský kraj,Nový Kostel,571
Nový Kostel,Nový Kostel,Population as at 31. 12.,2008,Karlovarský kraj,Nový Kostel,569
Nový Kostel,Nový Kostel,Population as at 31. 12.,2007,Karlovarský kraj,Nový Kostel,543
Nový Kostel,Nový Kostel,Population as at 31. 12.,2006,Karlovarský kraj,Nový Kostel,537
Nový Kostel,Nový Kostel,Population as at 31. 12.,2005,Karlovarský kraj,Nový Kostel,554
Nový Kostel,Nový Kostel,Population as at 31. 12.,2004,Karlovarský kraj,Nový Kostel,545
Nový Kostel,Nový Kostel,Population as at 31. 12.,2003,Karlovarský kraj,Nový Kostel,533
Nový Kostel,Nový Kostel,Population as at 31. 12.,2002,Karlovarský kraj,Nový Kostel,532
Nový Kostel,Nový Kostel,Population as at 31. 12.,2001,Karlovarský kraj,Nový Kostel,533
Nový Kostel,Nový Kostel,Population as at 31. 12.,2000,Karlovarský kraj,Nový Kostel,528
Odrava,Odrava,Population as at 31. 12.,2022,Karlovarský kraj,Odrava,231
Odrava,Odrava,Population as at 31. 12.,2021,Karlovarský kraj,Odrava,229
Odrava,Odrava,Population as at 31. 12.,2020,Karlovarský kraj,Odrava,253
Odrava,Odrava,Population as at 31. 12.,2019,Karlovarský kraj,Odrava,258
Odrava,Odrava,Population as at 31. 12.,2018,Karlovarský kraj,Odrava,257
Odrava,Odrava,Population as at 31. 12.,2017,Karlovarský kraj,Odrava,256
Odrava,Odrava,Population as at 31. 12.,2016,Karlovarský kraj,Odrava,247
Odrava,Odrava,Population as at 31. 12.,2015,Karlovarský kraj,Odrava,239
Odrava,Odrava,Population as at 31. 12.,2014,Karlovarský kraj,Odrava,237
Odrava,Odrava,Population as at 31. 12.,2013,Karlovarský kraj,Odrava,242
Odrava,Odrava,Population as at 31. 12.,2012,Karlovarský kraj,Odrava,247
Odrava,Odrava,Population as at 31. 12.,2011,Karlovarský kraj,Odrava,237
Odrava,Odrava,Population as at 31. 12.,2010,Karlovarský kraj,Odrava,218
Odrava,Odrava,Population as at 31. 12.,2009,Karlovarský kraj,Odrava,223
Odrava,Odrava,Population as at 31. 12.,2008,Karlovarský kraj,Odrava,218
Odrava,Odrava,Population as at 31. 12.,2007,Karlovarský kraj,Odrava,203
Odrava,Odrava,Population as at 31. 12.,2006,Karlovarský kraj,Odrava,213
Odrava,Odrava,Population as at 31. 12.,2005,Karlovarský kraj,Odrava,203
Odrava,Odrava,Population as at 31. 12.,2004,Karlovarský kraj,Odrava,198
Odrava,Odrava,Population as at 31. 12.,2003,Karlovarský kraj,Odrava,212
Odrava,Odrava,Population as at 31. 12.,2002,Karlovarský kraj,Odrava,207
Odrava,Odrava,Population as at 31. 12.,2001,Karlovarský kraj,Odrava,200
Odrava,Odrava,Population as at 31. 12.,2000,Karlovarský kraj,Odrava,148
Okrouhlá,Okrouhlá,Population as at 31. 12.,2022,Jihočeský kraj,Okrouhlá,61
Okrouhlá,Okrouhlá,Population as at 31. 12.,2022,Karlovarský kraj,Okrouhlá,256
Okrouhlá,Okrouhlá,Population as at 31. 12.,2022,Liberecký kraj,Okrouhlá,575
Okrouhlá,Okrouhlá,Population as at 31. 12.,2022,Jihomoravský kraj,Okrouhlá,617
Okrouhlá,Okrouhlá,Population as at 31. 12.,2021,Jihočeský kraj,Okrouhlá,62
Okrouhlá,Okrouhlá,Population as at 31. 12.,2021,Karlovarský kraj,Okrouhlá,256
Okrouhlá,Okrouhlá,Population as at 31. 12.,2021,Liberecký kraj,Okrouhlá,572
Okrouhlá,Okrouhlá,Population as at 31. 12.,2021,Jihomoravský kraj,Okrouhlá,617
Okrouhlá,Okrouhlá,Population as at 31. 12.,2020,Jihočeský kraj,Okrouhlá,61
Okrouhlá,Okrouhlá,Population as at 31. 12.,2020,Karlovarský kraj,Okrouhlá,255
Okrouhlá,Okrouhlá,Population as at 31. 12.,2020,Liberecký kraj,Okrouhlá,557
Okrouhlá,Okrouhlá,Population as at 31. 12.,2020,Jihomoravský kraj,Okrouhlá,616
Okrouhlá,Okrouhlá,Population as at 31. 12.,2019,Jihočeský kraj,Okrouhlá,61
Okrouhlá,Okrouhlá,Population as at 31. 12.,2019,Karlovarský kraj,Okrouhlá,254
Okrouhlá,Okrouhlá,Population as at 31. 12.,2019,Liberecký kraj,Okrouhlá,558
Okrouhlá,Okrouhlá,Population as at 31. 12.,2019,Jihomoravský kraj,Okrouhlá,608
Okrouhlá,Okrouhlá,Population as at 31. 12.,2018,Jihočeský kraj,Okrouhlá,64
Okrouhlá,Okrouhlá,Population as at 31. 12.,2018,Karlovarský kraj,Okrouhlá,252
Okrouhlá,Okrouhlá,Population as at 31. 12.,2018,Liberecký kraj,Okrouhlá,559
Okrouhlá,Okrouhlá,Population as at 31. 12.,2018,Jihomoravský kraj,Okrouhlá,588
Okrouhlá,Okrouhlá,Population as at 31. 12.,2017,Jihočeský kraj,Okrouhlá,65
Okrouhlá,Okrouhlá,Population as at 31. 12.,2017,Karlovarský kraj,Okrouhlá,251
Okrouhlá,Okrouhlá,Population as at 31. 12.,2017,Liberecký kraj,Okrouhlá,553
Okrouhlá,Okrouhlá,Population as at 31. 12.,2017,Jihomoravský kraj,Okrouhlá,589
Okrouhlá,Okrouhlá,Population as at 31. 12.,2016,Jihočeský kraj,Okrouhlá,67
Okrouhlá,Okrouhlá,Population as at 31. 12.,2016,Karlovarský kraj,Okrouhlá,251
Okrouhlá,Okrouhlá,Population as at 31. 12.,2016,Liberecký kraj,Okrouhlá,551
Okrouhlá,Okrouhlá,Population as at 31. 12.,2016,Jihomoravský kraj,Okrouhlá,584
Okrouhlá,Okrouhlá,Population as at 31. 12.,2015,Jihočeský kraj,Okrouhlá,71
Okrouhlá,Okrouhlá,Population as at 31. 12.,2015,Karlovarský kraj,Okrouhlá,244
Okrouhlá,Okrouhlá,Population as at 31. 12.,2015,Liberecký kraj,Okrouhlá,559
Okrouhlá,Okrouhlá,Population as at 31. 12.,2015,Jihomoravský kraj,Okrouhlá,576
Okrouhlá,Okrouhlá,Population as at 31. 12.,2014,Jihočeský kraj,Okrouhlá,67
Okrouhlá,Okrouhlá,Population as at 31. 12.,2014,Karlovarský kraj,Okrouhlá,241
Okrouhlá,Okrouhlá,Population as at 31. 12.,2014,Liberecký kraj,Okrouhlá,548
Okrouhlá,Okrouhlá,Population as at 31. 12.,2014,Jihomoravský kraj,Okrouhlá,568
Okrouhlá,Okrouhlá,Population as at 31. 12.,2013,Jihočeský kraj,Okrouhlá,68
Okrouhlá,Okrouhlá,Population as at 31. 12.,2013,Karlovarský kraj,Okrouhlá,247
Okrouhlá,Okrouhlá,Population as at 31. 12.,2013,Liberecký kraj,Okrouhlá,554
Okrouhlá,Okrouhlá,Population as at 31. 12.,2013,Jihomoravský kraj,Okrouhlá,570
Okrouhlá,Okrouhlá,Population as at 31. 12.,2012,Jihočeský kraj,Okrouhlá,70
Okrouhlá,Okrouhlá,Population as at 31. 12.,2012,Karlovarský kraj,Okrouhlá,255
Okrouhlá,Okrouhlá,Population as at 31. 12.,2012,Liberecký kraj,Okrouhlá,550
Okrouhlá,Okrouhlá,Population as at 31. 12.,2012,Jihomoravský kraj,Okrouhlá,569
Okrouhlá,Okrouhlá,Population as at 31. 12.,2011,Jihočeský kraj,Okrouhlá,69
Okrouhlá,Okrouhlá,Population as at 31. 12.,2011,Karlovarský kraj,Okrouhlá,251
Okrouhlá,Okrouhlá,Population as at 31. 12.,2011,Liberecký kraj,Okrouhlá,544
Okrouhlá,Okrouhlá,Population as at 31. 12.,2011,Jihomoravský kraj,Okrouhlá,559
Okrouhlá,Okrouhlá,Population as at 31. 12.,2010,Jihočeský kraj,Okrouhlá,72
Okrouhlá,Okrouhlá,Population as at 31. 12.,2010,Karlovarský kraj,Okrouhlá,265
Okrouhlá,Okrouhlá,Population as at 31. 12.,2010,Liberecký kraj,Okrouhlá,556
Okrouhlá,Okrouhlá,Population as at 31. 12.,2010,Jihomoravský kraj,Okrouhlá,554
Okrouhlá,Okrouhlá,Population as at 31. 12.,2009,Jihočeský kraj,Okrouhlá,70
Okrouhlá,Okrouhlá,Population as at 31. 12.,2009,Karlovarský kraj,Okrouhlá,249
Okrouhlá,Okrouhlá,Population as at 31. 12.,2009,Liberecký kraj,Okrouhlá,551
Okrouhlá,Okrouhlá,Population as at 31. 12.,2009,Jihomoravský kraj,Okrouhlá,546
Okrouhlá,Okrouhlá,Population as at 31. 12.,2008,Jihočeský kraj,Okrouhlá,73
Okrouhlá,Okrouhlá,Population as at 31. 12.,2008,Karlovarský kraj,Okrouhlá,248
Okrouhlá,Okrouhlá,Population as at 31. 12.,2008,Liberecký kraj,Okrouhlá,547
Okrouhlá,Okrouhlá,Population as at 31. 12.,2008,Jihomoravský kraj,Okrouhlá,545
Okrouhlá,Okrouhlá,Population as at 31. 12.,2007,Jihočeský kraj,Okrouhlá,74
Okrouhlá,Okrouhlá,Population as at 31. 12.,2007,Karlovarský kraj,Okrouhlá,244
Okrouhlá,Okrouhlá,Population as at 31. 12.,2007,Liberecký kraj,Okrouhlá,529
Okrouhlá,Okrouhlá,Population as at 31. 12.,2007,Jihomoravský kraj,Okrouhlá,553
Okrouhlá,Okrouhlá,Population as at 31. 12.,2006,Jihočeský kraj,Okrouhlá,72
Okrouhlá,Okrouhlá,Population as at 31. 12.,2006,Karlovarský kraj,Okrouhlá,241
Okrouhlá,Okrouhlá,Population as at 31. 12.,2006,Liberecký kraj,Okrouhlá,514
Okrouhlá,Okrouhlá,Population as at 31. 12.,2006,Jihomoravský kraj,Okrouhlá,540
Okrouhlá,Okrouhlá,Population as at 31. 12.,2005,Jihočeský kraj,Okrouhlá,66
Okrouhlá,Okrouhlá,Population as at 31. 12.,2005,Karlovarský kraj,Okrouhlá,239
Okrouhlá,Okrouhlá,Population as at 31. 12.,2005,Liberecký kraj,Okrouhlá,504
Okrouhlá,Okrouhlá,Population as at 31. 12.,2005,Jihomoravský kraj,Okrouhlá,545
Okrouhlá,Okrouhlá,Population as at 31. 12.,2004,Jihočeský kraj,Okrouhlá,68
Okrouhlá,Okrouhlá,Population as at 31. 12.,2004,Karlovarský kraj,Okrouhlá,234
Okrouhlá,Okrouhlá,Population as at 31. 12.,2004,Liberecký kraj,Okrouhlá,492
Okrouhlá,Okrouhlá,Population as at 31. 12.,2004,Jihomoravský kraj,Okrouhlá,532
Okrouhlá,Okrouhlá,Population as at 31. 12.,2003,Jihočeský kraj,Okrouhlá,69
Okrouhlá,Okrouhlá,Population as at 31. 12.,2003,Karlovarský kraj,Okrouhlá,239
Okrouhlá,Okrouhlá,Population as at 31. 12.,2003,Liberecký kraj,Okrouhlá,495
Okrouhlá,Okrouhlá,Population as at 31. 12.,2003,Jihomoravský kraj,Okrouhlá,523
Okrouhlá,Okrouhlá,Population as at 31. 12.,2002,Jihočeský kraj,Okrouhlá,66
Okrouhlá,Okrouhlá,Population as at 31. 12.,2002,Karlovarský kraj,Okrouhlá,237
Okrouhlá,Okrouhlá,Population as at 31. 12.,2002,Liberecký kraj,Okrouhlá,480
Okrouhlá,Okrouhlá,Population as at 31. 12.,2002,Jihomoravský kraj,Okrouhlá,525
Okrouhlá,Okrouhlá,Population as at 31. 12.,2001,Jihočeský kraj,Okrouhlá,63
Okrouhlá,Okrouhlá,Population as at 31. 12.,2001,Karlovarský kraj,Okrouhlá,235
Okrouhlá,Okrouhlá,Population as at 31. 12.,2001,Liberecký kraj,Okrouhlá,473
Okrouhlá,Okrouhlá,Population as at 31. 12.,2001,Jihomoravský kraj,Okrouhlá,529
Okrouhlá,Okrouhlá,Population as at 31. 12.,2000,Jihočeský kraj,Okrouhlá,58
Okrouhlá,Okrouhlá,Population as at 31. 12.,2000,Karlovarský kraj,Okrouhlá,222
Okrouhlá,Okrouhlá,Population as at 31. 12.,2000,Liberecký kraj,Okrouhlá,454
Okrouhlá,Okrouhlá,Population as at 31. 12.,2000,Jihomoravský kraj,Okrouhlá,537
Oloví,Oloví,Population as at 31. 12.,2022,Karlovarský kraj,Oloví,1620
Oloví,Oloví,Population as at 31. 12.,2021,Karlovarský kraj,Oloví,1597
Oloví,Oloví,Population as at 31. 12.,2020,Karlovarský kraj,Oloví,1645
Oloví,Oloví,Population as at 31. 12.,2019,Karlovarský kraj,Oloví,1657
Oloví,Oloví,Population as at 31. 12.,2018,Karlovarský kraj,Oloví,1672
Oloví,Oloví,Population as at 31. 12.,2017,Karlovarský kraj,Oloví,1664
Oloví,Oloví,Population as at 31. 12.,2016,Karlovarský kraj,Oloví,1742
Oloví,Oloví,Population as at 31. 12.,2015,Karlovarský kraj,Oloví,1774
Oloví,Oloví,Population as at 31. 12.,2014,Karlovarský kraj,Oloví,1778
Oloví,Oloví,Population as at 31. 12.,2013,Karlovarský kraj,Oloví,1801
Oloví,Oloví,Population as at 31. 12.,2012,Karlovarský kraj,Oloví,1851
Oloví,Oloví,Population as at 31. 12.,2011,Karlovarský kraj,Oloví,1875
Oloví,Oloví,Population as at 31. 12.,2010,Karlovarský kraj,Oloví,1884
Oloví,Oloví,Population as at 31. 12.,2009,Karlovarský kraj,Oloví,1925
Oloví,Oloví,Population as at 31. 12.,2008,Karlovarský kraj,Oloví,1933
Oloví,Oloví,Population as at 31. 12.,2007,Karlovarský kraj,Oloví,1881
Oloví,Oloví,Population as at 31. 12.,2006,Karlovarský kraj,Oloví,1904
Oloví,Oloví,Population as at 31. 12.,2005,Karlovarský kraj,Oloví,1907
Oloví,Oloví,Population as at 31. 12.,2004,Karlovarský kraj,Oloví,1920
Oloví,Oloví,Population as at 31. 12.,2003,Karlovarský kraj,Oloví,1909
Oloví,Oloví,Population as at 31. 12.,2002,Karlovarský kraj,Oloví,1906
Oloví,Oloví,Population as at 31. 12.,2001,Karlovarský kraj,Oloví,1900
Oloví,Oloví,Population as at 31. 12.,2000,Karlovarský kraj,Oloví,1953
Ostrov,Ostrov,Population as at 31. 12.,2022,Středočeský kraj,Ostrov,154
Ostrov,Ostrov,Population as at 31. 12.,2022,Středočeský kraj,Ostrov,72
Ostrov,Ostrov,Population as at 31. 12.,2022,Karlovarský kraj,Ostrov,15894
Ostrov,Ostrov,Population as at 31. 12.,2022,Pardubický kraj,Ostrov,196
Ostrov,Ostrov,Population as at 31. 12.,2022,Pardubický kraj,Ostrov,741
Ostrov,Ostrov,Population as at 31. 12.,2022,Kraj Vysočina,Ostrov,165
Ostrov,Ostrov,Population as at 31. 12.,2021,Středočeský kraj,Ostrov,154
Ostrov,Ostrov,Population as at 31. 12.,2021,Středočeský kraj,Ostrov,63
Ostrov,Ostrov,Population as at 31. 12.,2021,Karlovarský kraj,Ostrov,15822
Ostrov,Ostrov,Population as at 31. 12.,2021,Pardubický kraj,Ostrov,198
Ostrov,Ostrov,Population as at 31. 12.,2021,Pardubický kraj,Ostrov,699
Ostrov,Ostrov,Population as at 31. 12.,2021,Kraj Vysočina,Ostrov,161
Ostrov,Ostrov,Population as at 31. 12.,2020,Středočeský kraj,Ostrov,145
Ostrov,Ostrov,Population as at 31. 12.,2020,Středočeský kraj,Ostrov,57
Ostrov,Ostrov,Population as at 31. 12.,2020,Karlovarský kraj,Ostrov,16491
Ostrov,Ostrov,Population as at 31. 12.,2020,Pardubický kraj,Ostrov,206
Ostrov,Ostrov,Population as at 31. 12.,2020,Pardubický kraj,Ostrov,691
Ostrov,Ostrov,Population as at 31. 12.,2020,Kraj Vysočina,Ostrov,157
Ostrov,Ostrov,Population as at 31. 12.,2019,Středočeský kraj,Ostrov,133
Ostrov,Ostrov,Population as at 31. 12.,2019,Středočeský kraj,Ostrov,52
Ostrov,Ostrov,Population as at 31. 12.,2019,Karlovarský kraj,Ostrov,16658
Ostrov,Ostrov,Population as at 31. 12.,2019,Pardubický kraj,Ostrov,203
Ostrov,Ostrov,Population as at 31. 12.,2019,Pardubický kraj,Ostrov,692
Ostrov,Ostrov,Population as at 31. 12.,2019,Kraj Vysočina,Ostrov,161
Ostrov,Ostrov,Population as at 31. 12.,2018,Středočeský kraj,Ostrov,133
Ostrov,Ostrov,Population as at 31. 12.,2018,Středočeský kraj,Ostrov,48
Ostrov,Ostrov,Population as at 31. 12.,2018,Karlovarský kraj,Ostrov,16731
Ostrov,Ostrov,Population as at 31. 12.,2018,Pardubický kraj,Ostrov,205
Ostrov,Ostrov,Population as at 31. 12.,2018,Pardubický kraj,Ostrov,684
Ostrov,Ostrov,Population as at 31. 12.,2018,Kraj Vysočina,Ostrov,155
Ostrov,Ostrov,Population as at 31. 12.,2017,Středočeský kraj,Ostrov,129
Ostrov,Ostrov,Population as at 31. 12.,2017,Středočeský kraj,Ostrov,48
Ostrov,Ostrov,Population as at 31. 12.,2017,Karlovarský kraj,Ostrov,16865
Ostrov,Ostrov,Population as at 31. 12.,2017,Pardubický kraj,Ostrov,212
Ostrov,Ostrov,Population as at 31. 12.,2017,Pardubický kraj,Ostrov,682
Ostrov,Ostrov,Population as at 31. 12.,2017,Kraj Vysočina,Ostrov,145
Ostrov,Ostrov,Population as at 31. 12.,2016,Středočeský kraj,Ostrov,125
Ostrov,Ostrov,Population as at 31. 12.,2016,Středočeský kraj,Ostrov,50
Ostrov,Ostrov,Population as at 31. 12.,2016,Karlovarský kraj,Ostrov,16949
Ostrov,Ostrov,Population as at 31. 12.,2016,Pardubický kraj,Ostrov,218
Ostrov,Ostrov,Population as at 31. 12.,2016,Pardubický kraj,Ostrov,684
Ostrov,Ostrov,Population as at 31. 12.,2016,Kraj Vysočina,Ostrov,144
Ostrov,Ostrov,Population as at 31. 12.,2015,Středočeský kraj,Ostrov,118
Ostrov,Ostrov,Population as at 31. 12.,2015,Středočeský kraj,Ostrov,49
Ostrov,Ostrov,Population as at 31. 12.,2015,Karlovarský kraj,Ostrov,17079
Ostrov,Ostrov,Population as at 31. 12.,2015,Pardubický kraj,Ostrov,219
Ostrov,Ostrov,Population as at 31. 12.,2015,Pardubický kraj,Ostrov,687
Ostrov,Ostrov,Population as at 31. 12.,2015,Kraj Vysočina,Ostrov,139
Ostrov,Ostrov,Population as at 31. 12.,2014,Středočeský kraj,Ostrov,111
Ostrov,Ostrov,Population as at 31. 12.,2014,Středočeský kraj,Ostrov,51
Ostrov,Ostrov,Population as at 31. 12.,2014,Karlovarský kraj,Ostrov,17089
Ostrov,Ostrov,Population as at 31. 12.,2014,Pardubický kraj,Ostrov,222
Ostrov,Ostrov,Population as at 31. 12.,2014,Pardubický kraj,Ostrov,682
Ostrov,Ostrov,Population as at 31. 12.,2014,Kraj Vysočina,Ostrov,131
Ostrov,Ostrov,Population as at 31. 12.,2013,Středočeský kraj,Ostrov,104
Ostrov,Ostrov,Population as at 31. 12.,2013,Středočeský kraj,Ostrov,54
Ostrov,Ostrov,Population as at 31. 12.,2013,Karlovarský kraj,Ostrov,17182
Ostrov,Ostrov,Population as at 31. 12.,2013,Pardubický kraj,Ostrov,218
Ostrov,Ostrov,Population as at 31. 12.,2013,Pardubický kraj,Ostrov,667
Ostrov,Ostrov,Population as at 31. 12.,2013,Kraj Vysočina,Ostrov,126
Ostrov,Ostrov,Population as at 31. 12.,2012,Středočeský kraj,Ostrov,103
Ostrov,Ostrov,Population as at 31. 12.,2012,Středočeský kraj,Ostrov,57
Ostrov,Ostrov,Population as at 31. 12.,2012,Karlovarský kraj,Ostrov,17235
Ostrov,Ostrov,Population as at 31. 12.,2012,Pardubický kraj,Ostrov,218
Ostrov,Ostrov,Population as at 31. 12.,2012,Pardubický kraj,Ostrov,665
Ostrov,Ostrov,Population as at 31. 12.,2012,Kraj Vysočina,Ostrov,126
Ostrov,Ostrov,Population as at 31. 12.,2011,Středočeský kraj,Ostrov,100
Ostrov,Ostrov,Population as at 31. 12.,2011,Středočeský kraj,Ostrov,58
Ostrov,Ostrov,Population as at 31. 12.,2011,Karlovarský kraj,Ostrov,17222
Ostrov,Ostrov,Population as at 31. 12.,2011,Pardubický kraj,Ostrov,224
Ostrov,Ostrov,Population as at 31. 12.,2011,Pardubický kraj,Ostrov,654
Ostrov,Ostrov,Population as at 31. 12.,2011,Kraj Vysočina,Ostrov,125
Ostrov,Ostrov,Population as at 31. 12.,2010,Středočeský kraj,Ostrov,102
Ostrov,Ostrov,Population as at 31. 12.,2010,Středočeský kraj,Ostrov,68
Ostrov,Ostrov,Population as at 31. 12.,2010,Karlovarský kraj,Ostrov,17305
Ostrov,Ostrov,Population as at 31. 12.,2010,Pardubický kraj,Ostrov,185
Ostrov,Ostrov,Population as at 31. 12.,2010,Pardubický kraj,Ostrov,618
Ostrov,Ostrov,Population as at 31. 12.,2010,Kraj Vysočina,Ostrov,136
Ostrov,Ostrov,Population as at 31. 12.,2009,Středočeský kraj,Ostrov,102
Ostrov,Ostrov,Population as at 31. 12.,2009,Středočeský kraj,Ostrov,65
Ostrov,Ostrov,Population as at 31. 12.,2009,Karlovarský kraj,Ostrov,17230
Ostrov,Ostrov,Population as at 31. 12.,2009,Pardubický kraj,Ostrov,179
Ostrov,Ostrov,Population as at 31. 12.,2009,Pardubický kraj,Ostrov,614
Ostrov,Ostrov,Population as at 31. 12.,2009,Kraj Vysočina,Ostrov,139
Ostrov,Ostrov,Population as at 31. 12.,2008,Středočeský kraj,Ostrov,103
Ostrov,Ostrov,Population as at 31. 12.,2008,Středočeský kraj,Ostrov,65
Ostrov,Ostrov,Population as at 31. 12.,2008,Karlovarský kraj,Ostrov,17357
Ostrov,Ostrov,Population as at 31. 12.,2008,Pardubický kraj,Ostrov,177
Ostrov,Ostrov,Population as at 31. 12.,2008,Pardubický kraj,Ostrov,605
Ostrov,Ostrov,Population as at 31. 12.,2008,Kraj Vysočina,Ostrov,134
Ostrov,Ostrov,Population as at 31. 12.,2007,Středočeský kraj,Ostrov,93
Ostrov,Ostrov,Population as at 31. 12.,2007,Středočeský kraj,Ostrov,60
Ostrov,Ostrov,Population as at 31. 12.,2007,Karlovarský kraj,Ostrov,17250
Ostrov,Ostrov,Population as at 31. 12.,2007,Pardubický kraj,Ostrov,178
Ostrov,Ostrov,Population as at 31. 12.,2007,Pardubický kraj,Ostrov,597
Ostrov,Ostrov,Population as at 31. 12.,2007,Kraj Vysočina,Ostrov,136
Ostrov,Ostrov,Population as at 31. 12.,2006,Středočeský kraj,Ostrov,90
Ostrov,Ostrov,Population as at 31. 12.,2006,Středočeský kraj,Ostrov,56
Ostrov,Ostrov,Population as at 31. 12.,2006,Karlovarský kraj,Ostrov,17066
Ostrov,Ostrov,Population as at 31. 12.,2006,Pardubický kraj,Ostrov,171
Ostrov,Ostrov,Population as at 31. 12.,2006,Pardubický kraj,Ostrov,598
Ostrov,Ostrov,Population as at 31. 12.,2006,Kraj Vysočina,Ostrov,133
Ostrov,Ostrov,Population as at 31. 12.,2005,Středočeský kraj,Ostrov,88
Ostrov,Ostrov,Population as at 31. 12.,2005,Středočeský kraj,Ostrov,52
Ostrov,Ostrov,Population as at 31. 12.,2005,Karlovarský kraj,Ostrov,17111
Ostrov,Ostrov,Population as at 31. 12.,2005,Pardubický kraj,Ostrov,168
Ostrov,Ostrov,Population as at 31. 12.,2005,Pardubický kraj,Ostrov,596
Ostrov,Ostrov,Population as at 31. 12.,2005,Kraj Vysočina,Ostrov,134
Ostrov,Ostrov,Population as at 31. 12.,2004,Středočeský kraj,Ostrov,89
Ostrov,Ostrov,Population as at 31. 12.,2004,Středočeský kraj,Ostrov,50
Ostrov,Ostrov,Population as at 31. 12.,2004,Karlovarský kraj,Ostrov,17193
Ostrov,Ostrov,Population as at 31. 12.,2004,Pardubický kraj,Ostrov,172
Ostrov,Ostrov,Population as at 31. 12.,2004,Pardubický kraj,Ostrov,594
Ostrov,Ostrov,Population as at 31. 12.,2004,Kraj Vysočina,Ostrov,137
Ostrov,Ostrov,Population as at 31. 12.,2003,Středočeský kraj,Ostrov,90
Ostrov,Ostrov,Population as at 31. 12.,2003,Středočeský kraj,Ostrov,49
Ostrov,Ostrov,Population as at 31. 12.,2003,Karlovarský kraj,Ostrov,17206
Ostrov,Ostrov,Population as at 31. 12.,2003,Pardubický kraj,Ostrov,173
Ostrov,Ostrov,Population as at 31. 12.,2003,Pardubický kraj,Ostrov,592
Ostrov,Ostrov,Population as at 31. 12.,2003,Kraj Vysočina,Ostrov,129
Ostrov,Ostrov,Population as at 31. 12.,2002,Středočeský kraj,Ostrov,92
Ostrov,Ostrov,Population as at 31. 12.,2002,Středočeský kraj,Ostrov,50
Ostrov,Ostrov,Population as at 31. 12.,2002,Karlovarský kraj,Ostrov,17376
Ostrov,Ostrov,Population as at 31. 12.,2002,Pardubický kraj,Ostrov,169
Ostrov,Ostrov,Population as at 31. 12.,2002,Pardubický kraj,Ostrov,596
Ostrov,Ostrov,Population as at 31. 12.,2002,Kraj Vysočina,Ostrov,123
Ostrov,Ostrov,Population as at 31. 12.,2001,Středočeský kraj,Ostrov,87
Ostrov,Ostrov,Population as at 31. 12.,2001,Středočeský kraj,Ostrov,49
Ostrov,Ostrov,Population as at 31. 12.,2001,Karlovarský kraj,Ostrov,17398
Ostrov,Ostrov,Population as at 31. 12.,2001,Pardubický kraj,Ostrov,178
Ostrov,Ostrov,Population as at 31. 12.,2001,Pardubický kraj,Ostrov,582
Ostrov,Ostrov,Population as at 31. 12.,2001,Kraj Vysočina,Ostrov,115
Ostrov,Ostrov,Population as at 31. 12.,2000,Středočeský kraj,Ostrov,86
Ostrov,Ostrov,Population as at 31. 12.,2000,Středočeský kraj,Ostrov,42
Ostrov,Ostrov,Population as at 31. 12.,2000,Karlovarský kraj,Ostrov,17849
Ostrov,Ostrov,Population as at 31. 12.,2000,Pardubický kraj,Ostrov,151
Ostrov,Ostrov,Population as at 31. 12.,2000,Pardubický kraj,Ostrov,588
Ostrov,Ostrov,Population as at 31. 12.,2000,Kraj Vysočina,Ostrov,118
Otovice,Otovice,Population as at 31. 12.,2022,Karlovarský kraj,Otovice,1030
Otovice,Otovice,Population as at 31. 12.,2022,Královéhradecký kraj,Otovice,339
Otovice,Otovice,Population as at 31. 12.,2021,Karlovarský kraj,Otovice,971
Otovice,Otovice,Population as at 31. 12.,2021,Královéhradecký kraj,Otovice,339
Otovice,Otovice,Population as at 31. 12.,2020,Karlovarský kraj,Otovice,960
Otovice,Otovice,Population as at 31. 12.,2020,Královéhradecký kraj,Otovice,346
Otovice,Otovice,Population as at 31. 12.,2019,Karlovarský kraj,Otovice,950
Otovice,Otovice,Population as at 31. 12.,2019,Královéhradecký kraj,Otovice,342
Otovice,Otovice,Population as at 31. 12.,2018,Karlovarský kraj,Otovice,916
Otovice,Otovice,Population as at 31. 12.,2018,Královéhradecký kraj,Otovice,351
Otovice,Otovice,Population as at 31. 12.,2017,Karlovarský kraj,Otovice,900
Otovice,Otovice,Population as at 31. 12.,2017,Královéhradecký kraj,Otovice,344
Otovice,Otovice,Population as at 31. 12.,2016,Karlovarský kraj,Otovice,892
Otovice,Otovice,Population as at 31. 12.,2016,Královéhradecký kraj,Otovice,356
Otovice,Otovice,Population as at 31. 12.,2015,Karlovarský kraj,Otovice,837
Otovice,Otovice,Population as at 31. 12.,2015,Královéhradecký kraj,Otovice,359
Otovice,Otovice,Population as at 31. 12.,2014,Karlovarský kraj,Otovice,812
Otovice,Otovice,Population as at 31. 12.,2014,Královéhradecký kraj,Otovice,354
Otovice,Otovice,Population as at 31. 12.,2013,Karlovarský kraj,Otovice,769
Otovice,Otovice,Population as at 31. 12.,2013,Královéhradecký kraj,Otovice,363
Otovice,Otovice,Population as at 31. 12.,2012,Karlovarský kraj,Otovice,737
Otovice,Otovice,Population as at 31. 12.,2012,Královéhradecký kraj,Otovice,364
Otovice,Otovice,Population as at 31. 12.,2011,Karlovarský kraj,Otovice,713
Otovice,Otovice,Population as at 31. 12.,2011,Královéhradecký kraj,Otovice,369
Otovice,Otovice,Population as at 31. 12.,2010,Karlovarský kraj,Otovice,643
Otovice,Otovice,Population as at 31. 12.,2010,Královéhradecký kraj,Otovice,380
Otovice,Otovice,Population as at 31. 12.,2009,Karlovarský kraj,Otovice,605
Otovice,Otovice,Population as at 31. 12.,2009,Královéhradecký kraj,Otovice,381
Otovice,Otovice,Population as at 31. 12.,2008,Karlovarský kraj,Otovice,597
Otovice,Otovice,Population as at 31. 12.,2008,Královéhradecký kraj,Otovice,382
Otovice,Otovice,Population as at 31. 12.,2007,Karlovarský kraj,Otovice,585
Otovice,Otovice,Population as at 31. 12.,2007,Královéhradecký kraj,Otovice,386
Otovice,Otovice,Population as at 31. 12.,2006,Karlovarský kraj,Otovice,600
Otovice,Otovice,Population as at 31. 12.,2006,Královéhradecký kraj,Otovice,398
Otovice,Otovice,Population as at 31. 12.,2005,Karlovarský kraj,Otovice,613
Otovice,Otovice,Population as at 31. 12.,2005,Královéhradecký kraj,Otovice,391
Otovice,Otovice,Population as at 31. 12.,2004,Karlovarský kraj,Otovice,629
Otovice,Otovice,Population as at 31. 12.,2004,Královéhradecký kraj,Otovice,397
Otovice,Otovice,Population as at 31. 12.,2003,Karlovarský kraj,Otovice,598
Otovice,Otovice,Population as at 31. 12.,2003,Královéhradecký kraj,Otovice,394
Otovice,Otovice,Population as at 31. 12.,2002,Karlovarský kraj,Otovice,590
Otovice,Otovice,Population as at 31. 12.,2002,Královéhradecký kraj,Otovice,393
Otovice,Otovice,Population as at 31. 12.,2001,Karlovarský kraj,Otovice,574
Otovice,Otovice,Population as at 31. 12.,2001,Královéhradecký kraj,Otovice,392
Otovice,Otovice,Population as at 31. 12.,2000,Karlovarský kraj,Otovice,572
Otovice,Otovice,Population as at 31. 12.,2000,Královéhradecký kraj,Otovice,341
Otročín,Otročín,Population as at 31. 12.,2022,Karlovarský kraj,Otročín,438
Otročín,Otročín,Population as at 31. 12.,2021,Karlovarský kraj,Otročín,449
Otročín,Otročín,Population as at 31. 12.,2020,Karlovarský kraj,Otročín,433
Otročín,Otročín,Population as at 31. 12.,2019,Karlovarský kraj,Otročín,436
Otročín,Otročín,Population as at 31. 12.,2018,Karlovarský kraj,Otročín,454
Otročín,Otročín,Population as at 31. 12.,2017,Karlovarský kraj,Otročín,467
Otročín,Otročín,Population as at 31. 12.,2016,Karlovarský kraj,Otročín,460
Otročín,Otročín,Population as at 31. 12.,2015,Karlovarský kraj,Otročín,461
Otročín,Otročín,Population as at 31. 12.,2014,Karlovarský kraj,Otročín,479
Otročín,Otročín,Population as at 31. 12.,2013,Karlovarský kraj,Otročín,472
Otročín,Otročín,Population as at 31. 12.,2012,Karlovarský kraj,Otročín,497
Otročín,Otročín,Population as at 31. 12.,2011,Karlovarský kraj,Otročín,503
Otročín,Otročín,Population as at 31. 12.,2010,Karlovarský kraj,Otročín,525
Otročín,Otročín,Population as at 31. 12.,2009,Karlovarský kraj,Otročín,525
Otročín,Otročín,Population as at 31. 12.,2008,Karlovarský kraj,Otročín,522
Otročín,Otročín,Population as at 31. 12.,2007,Karlovarský kraj,Otročín,527
Otročín,Otročín,Population as at 31. 12.,2006,Karlovarský kraj,Otročín,527
Otročín,Otročín,Population as at 31. 12.,2005,Karlovarský kraj,Otročín,530
Otročín,Otročín,Population as at 31. 12.,2004,Karlovarský kraj,Otročín,524
Otročín,Otročín,Population as at 31. 12.,2003,Karlovarský kraj,Otročín,546
Otročín,Otročín,Population as at 31. 12.,2002,Karlovarský kraj,Otročín,535
Otročín,Otročín,Population as at 31. 12.,2001,Karlovarský kraj,Otročín,545
Otročín,Otročín,Population as at 31. 12.,2000,Karlovarský kraj,Otročín,558
Ovesné Kladruby,Ovesné Kladruby,Population as at 31. 12.,2022,Karlovarský kraj,Ovesné Kladruby,142
Ovesné Kladruby,Ovesné Kladruby,Population as at 31. 12.,2021,Karlovarský kraj,Ovesné Kladruby,127
Ovesné Kladruby,Ovesné Kladruby,Population as at 31. 12.,2020,Karlovarský kraj,Ovesné Kladruby,125
Ovesné Kladruby,Ovesné Kladruby,Population as at 31. 12.,2019,Karlovarský kraj,Ovesné Kladruby,124
Ovesné Kladruby,Ovesné Kladruby,Population as at 31. 12.,2018,Karlovarský kraj,Ovesné Kladruby,123
Ovesné Kladruby,Ovesné Kladruby,Population as at 31. 12.,2017,Karlovarský kraj,Ovesné Kladruby,121
Ovesné Kladruby,Ovesné Kladruby,Population as at 31. 12.,2016,Karlovarský kraj,Ovesné Kladruby,124
Ovesné Kladruby,Ovesné Kladruby,Population as at 31. 12.,2015,Karlovarský kraj,Ovesné Kladruby,121
Ovesné Kladruby,Ovesné Kladruby,Population as at 31. 12.,2014,Karlovarský kraj,Ovesné Kladruby,122
Ovesné Kladruby,Ovesné Kladruby,Population as at 31. 12.,2013,Karlovarský kraj,Ovesné Kladruby,122
Ovesné Kladruby,Ovesné Kladruby,Population as at 31. 12.,2012,Karlovarský kraj,Ovesné Kladruby,119
Ovesné Kladruby,Ovesné Kladruby,Population as at 31. 12.,2011,Karlovarský kraj,Ovesné Kladruby,117
Ovesné Kladruby,Ovesné Kladruby,Population as at 31. 12.,2010,Karlovarský kraj,Ovesné Kladruby,105
Ovesné Kladruby,Ovesné Kladruby,Population as at 31. 12.,2009,Karlovarský kraj,Ovesné Kladruby,112
Ovesné Kladruby,Ovesné Kladruby,Population as at 31. 12.,2008,Karlovarský kraj,Ovesné Kladruby,123
Ovesné Kladruby,Ovesné Kladruby,Population as at 31. 12.,2007,Karlovarský kraj,Ovesné Kladruby,126
Ovesné Kladruby,Ovesné Kladruby,Population as at 31. 12.,2006,Karlovarský kraj,Ovesné Kladruby,121
Ovesné Kladruby,Ovesné Kladruby,Population as at 31. 12.,2005,Karlovarský kraj,Ovesné Kladruby,116
Ovesné Kladruby,Ovesné Kladruby,Population as at 31. 12.,2004,Karlovarský kraj,Ovesné Kladruby,122
Ovesné Kladruby,Ovesné Kladruby,Population as at 31. 12.,2003,Karlovarský kraj,Ovesné Kladruby,119
Ovesné Kladruby,Ovesné Kladruby,Population as at 31. 12.,2002,Karlovarský kraj,Ovesné Kladruby,120
Ovesné Kladruby,Ovesné Kladruby,Population as at 31. 12.,2001,Karlovarský kraj,Ovesné Kladruby,124
Ovesné Kladruby,Ovesné Kladruby,Population as at 31. 12.,2000,Karlovarský kraj,Ovesné Kladruby,109
Plesná,Plesná,Population as at 31. 12.,2022,Karlovarský kraj,Plesná,1917
Plesná,Plesná,Population as at 31. 12.,2021,Karlovarský kraj,Plesná,1904
Plesná,Plesná,Population as at 31. 12.,2020,Karlovarský kraj,Plesná,1969
Plesná,Plesná,Population as at 31. 12.,2019,Karlovarský kraj,Plesná,1940
Plesná,Plesná,Population as at 31. 12.,2018,Karlovarský kraj,Plesná,1935
Plesná,Plesná,Population as at 31. 12.,2017,Karlovarský kraj,Plesná,1974
Plesná,Plesná,Population as at 31. 12.,2016,Karlovarský kraj,Plesná,1967
Plesná,Plesná,Population as at 31. 12.,2015,Karlovarský kraj,Plesná,1953
Plesná,Plesná,Population as at 31. 12.,2014,Karlovarský kraj,Plesná,1973
Plesná,Plesná,Population as at 31. 12.,2013,Karlovarský kraj,Plesná,1994
Plesná,Plesná,Population as at 31. 12.,2012,Karlovarský kraj,Plesná,2014
Plesná,Plesná,Population as at 31. 12.,2011,Karlovarský kraj,Plesná,2050
Plesná,Plesná,Population as at 31. 12.,2010,Karlovarský kraj,Plesná,2107
Plesná,Plesná,Population as at 31. 12.,2009,Karlovarský kraj,Plesná,2097
Plesná,Plesná,Population as at 31. 12.,2008,Karlovarský kraj,Plesná,2072
Plesná,Plesná,Population as at 31. 12.,2007,Karlovarský kraj,Plesná,2072
Plesná,Plesná,Population as at 31. 12.,2006,Karlovarský kraj,Plesná,2047
Plesná,Plesná,Population as at 31. 12.,2005,Karlovarský kraj,Plesná,1997
Plesná,Plesná,Population as at 31. 12.,2004,Karlovarský kraj,Plesná,2049
Plesná,Plesná,Population as at 31. 12.,2003,Karlovarský kraj,Plesná,2077
Plesná,Plesná,Population as at 31. 12.,2002,Karlovarský kraj,Plesná,2052
Plesná,Plesná,Population as at 31. 12.,2001,Karlovarský kraj,Plesná,2005
Plesná,Plesná,Population as at 31. 12.,2000,Karlovarský kraj,Plesná,1933
Pomezí Nad Ohří,Pomezí Nad Ohří,Population as at 31. 12.,2022,Karlovarský kraj,Pomezí nad Ohří,352
Pomezí Nad Ohří,Pomezí Nad Ohří,Population as at 31. 12.,2021,Karlovarský kraj,Pomezí nad Ohří,332
Pomezí Nad Ohří,Pomezí Nad Ohří,Population as at 31. 12.,2020,Karlovarský kraj,Pomezí nad Ohří,314
Pomezí Nad Ohří,Pomezí Nad Ohří,Population as at 31. 12.,2019,Karlovarský kraj,Pomezí nad Ohří,302
Pomezí Nad Ohří,Pomezí Nad Ohří,Population as at 31. 12.,2018,Karlovarský kraj,Pomezí nad Ohří,293
Pomezí Nad Ohří,Pomezí Nad Ohří,Population as at 31. 12.,2017,Karlovarský kraj,Pomezí nad Ohří,262
Pomezí Nad Ohří,Pomezí Nad Ohří,Population as at 31. 12.,2016,Karlovarský kraj,Pomezí nad Ohří,248
Pomezí Nad Ohří,Pomezí Nad Ohří,Population as at 31. 12.,2015,Karlovarský kraj,Pomezí nad Ohří,223
Pomezí Nad Ohří,Pomezí Nad Ohří,Population as at 31. 12.,2014,Karlovarský kraj,Pomezí nad Ohří,224
Pomezí Nad Ohří,Pomezí Nad Ohří,Population as at 31. 12.,2013,Karlovarský kraj,Pomezí nad Ohří,200
Pomezí Nad Ohří,Pomezí Nad Ohří,Population as at 31. 12.,2012,Karlovarský kraj,Pomezí nad Ohří,192
Pomezí Nad Ohří,Pomezí Nad Ohří,Population as at 31. 12.,2011,Karlovarský kraj,Pomezí nad Ohří,166
Pomezí Nad Ohří,Pomezí Nad Ohří,Population as at 31. 12.,2010,Karlovarský kraj,Pomezí nad Ohří,148
Pomezí Nad Ohří,Pomezí Nad Ohří,Population as at 31. 12.,2009,Karlovarský kraj,Pomezí nad Ohří,140
Pomezí Nad Ohří,Pomezí Nad Ohří,Population as at 31. 12.,2008,Karlovarský kraj,Pomezí nad Ohří,138
Pomezí Nad Ohří,Pomezí Nad Ohří,Population as at 31. 12.,2007,Karlovarský kraj,Pomezí nad Ohří,132
Pomezí Nad Ohří,Pomezí Nad Ohří,Population as at 31. 12.,2006,Karlovarský kraj,Pomezí nad Ohří,116
Pomezí Nad Ohří,Pomezí Nad Ohří,Population as at 31. 12.,2005,Karlovarský kraj,Pomezí nad Ohří,108
Pomezí Nad Ohří,Pomezí Nad Ohří,Population as at 31. 12.,2004,Karlovarský kraj,Pomezí nad Ohří,103
Pomezí Nad Ohří,Pomezí Nad Ohří,Population as at 31. 12.,2003,Karlovarský kraj,Pomezí nad Ohří,94
Pomezí Nad Ohří,Pomezí Nad Ohří,Population as at 31. 12.,2002,Karlovarský kraj,Pomezí nad Ohří,81
Pomezí Nad Ohří,Pomezí Nad Ohří,Population as at 31. 12.,2001,Karlovarský kraj,Pomezí nad Ohří,74
Pomezí Nad Ohří,Pomezí Nad Ohří,Population as at 31. 12.,2000,Karlovarský kraj,Pomezí nad Ohří,62
Prameny,Prameny,Population as at 31. 12.,2022,Karlovarský kraj,Prameny,127
Prameny,Prameny,Population as at 31. 12.,2021,Karlovarský kraj,Prameny,106
Prameny,Prameny,Population as at 31. 12.,2020,Karlovarský kraj,Prameny,102
Prameny,Prameny,Population as at 31. 12.,2019,Karlovarský kraj,Prameny,106
Prameny,Prameny,Population as at 31. 12.,2018,Karlovarský kraj,Prameny,106
Prameny,Prameny,Population as at 31. 12.,2017,Karlovarský kraj,Prameny,102
Prameny,Prameny,Population as at 31. 12.,2016,Karlovarský kraj,Prameny,109
Prameny,Prameny,Population as at 31. 12.,2015,Karlovarský kraj,Prameny,117
Prameny,Prameny,Population as at 31. 12.,2014,Karlovarský kraj,Prameny,120
Prameny,Prameny,Population as at 31. 12.,2013,Karlovarský kraj,Prameny,118
Prameny,Prameny,Population as at 31. 12.,2012,Karlovarský kraj,Prameny,112
Prameny,Prameny,Population as at 31. 12.,2011,Karlovarský kraj,Prameny,125
Prameny,Prameny,Population as at 31. 12.,2010,Karlovarský kraj,Prameny,143
Prameny,Prameny,Population as at 31. 12.,2009,Karlovarský kraj,Prameny,146
Prameny,Prameny,Population as at 31. 12.,2008,Karlovarský kraj,Prameny,145
Prameny,Prameny,Population as at 31. 12.,2007,Karlovarský kraj,Prameny,141
Prameny,Prameny,Population as at 31. 12.,2006,Karlovarský kraj,Prameny,145
Prameny,Prameny,Population as at 31. 12.,2005,Karlovarský kraj,Prameny,148
Prameny,Prameny,Population as at 31. 12.,2004,Karlovarský kraj,Prameny,153
Prameny,Prameny,Population as at 31. 12.,2003,Karlovarský kraj,Prameny,149
Prameny,Prameny,Population as at 31. 12.,2002,Karlovarský kraj,Prameny,151
Prameny,Prameny,Population as at 31. 12.,2001,Karlovarský kraj,Prameny,143
Prameny,Prameny,Population as at 31. 12.,2000,Karlovarský kraj,Prameny,134
Rotava,Rotava,Population as at 31. 12.,2022,Karlovarský kraj,Rotava,2844
Rotava,Rotava,Population as at 31. 12.,2021,Karlovarský kraj,Rotava,2809
Rotava,Rotava,Population as at 31. 12.,2020,Karlovarský kraj,Rotava,2902
Rotava,Rotava,Population as at 31. 12.,2019,Karlovarský kraj,Rotava,3006
Rotava,Rotava,Population as at 31. 12.,2018,Karlovarský kraj,Rotava,2999
Rotava,Rotava,Population as at 31. 12.,2017,Karlovarský kraj,Rotava,3008
Rotava,Rotava,Population as at 31. 12.,2016,Karlovarský kraj,Rotava,3037
Rotava,Rotava,Population as at 31. 12.,2015,Karlovarský kraj,Rotava,3065
Rotava,Rotava,Population as at 31. 12.,2014,Karlovarský kraj,Rotava,3140
Rotava,Rotava,Population as at 31. 12.,2013,Karlovarský kraj,Rotava,3216
Rotava,Rotava,Population as at 31. 12.,2012,Karlovarský kraj,Rotava,3263
Rotava,Rotava,Population as at 31. 12.,2011,Karlovarský kraj,Rotava,3357
Rotava,Rotava,Population as at 31. 12.,2010,Karlovarský kraj,Rotava,3465
Rotava,Rotava,Population as at 31. 12.,2009,Karlovarský kraj,Rotava,3468
Rotava,Rotava,Population as at 31. 12.,2008,Karlovarský kraj,Rotava,3463
Rotava,Rotava,Population as at 31. 12.,2007,Karlovarský kraj,Rotava,3432
Rotava,Rotava,Population as at 31. 12.,2006,Karlovarský kraj,Rotava,3387
Rotava,Rotava,Population as at 31. 12.,2005,Karlovarský kraj,Rotava,3437
Rotava,Rotava,Population as at 31. 12.,2004,Karlovarský kraj,Rotava,3431
Rotava,Rotava,Population as at 31. 12.,2003,Karlovarský kraj,Rotava,3403
Rotava,Rotava,Population as at 31. 12.,2002,Karlovarský kraj,Rotava,3428
Rotava,Rotava,Population as at 31. 12.,2001,Karlovarský kraj,Rotava,3444
Rotava,Rotava,Population as at 31. 12.,2000,Karlovarský kraj,Rotava,3537
Rovná,Rovná,Population as at 31. 12.,2022,Jihočeský kraj,Rovná,234
Rovná,Rovná,Population as at 31. 12.,2022,Karlovarský kraj,Rovná,347
Rovná,Rovná,Population as at 31. 12.,2022,Kraj Vysočina,Rovná,58
Rovná,Rovná,Population as at 31. 12.,2021,Jihočeský kraj,Rovná,233
Rovná,Rovná,Population as at 31. 12.,2021,Karlovarský kraj,Rovná,301
Rovná,Rovná,Population as at 31. 12.,2021,Kraj Vysočina,Rovná,59
Rovná,Rovná,Population as at 31. 12.,2020,Jihočeský kraj,Rovná,231
Rovná,Rovná,Population as at 31. 12.,2020,Karlovarský kraj,Rovná,312
Rovná,Rovná,Population as at 31. 12.,2020,Kraj Vysočina,Rovná,53
Rovná,Rovná,Population as at 31. 12.,2019,Jihočeský kraj,Rovná,221
Rovná,Rovná,Population as at 31. 12.,2019,Karlovarský kraj,Rovná,312
Rovná,Rovná,Population as at 31. 12.,2019,Kraj Vysočina,Rovná,53
Rovná,Rovná,Population as at 31. 12.,2018,Jihočeský kraj,Rovná,220
Rovná,Rovná,Population as at 31. 12.,2018,Karlovarský kraj,Rovná,318
Rovná,Rovná,Population as at 31. 12.,2018,Kraj Vysočina,Rovná,55
Rovná,Rovná,Population as at 31. 12.,2017,Jihočeský kraj,Rovná,231
Rovná,Rovná,Population as at 31. 12.,2017,Karlovarský kraj,Rovná,317
Rovná,Rovná,Population as at 31. 12.,2017,Kraj Vysočina,Rovná,54
Rovná,Rovná,Population as at 31. 12.,2016,Jihočeský kraj,Rovná,232
Rovná,Rovná,Population as at 31. 12.,2016,Karlovarský kraj,Rovná,330
Rovná,Rovná,Population as at 31. 12.,2016,Kraj Vysočina,Rovná,57
Rovná,Rovná,Population as at 31. 12.,2015,Jihočeský kraj,Rovná,232
Rovná,Rovná,Population as at 31. 12.,2015,Karlovarský kraj,Rovná,353
Rovná,Rovná,Population as at 31. 12.,2015,Kraj Vysočina,Rovná,57
Rovná,Rovná,Population as at 31. 12.,2014,Jihočeský kraj,Rovná,241
Rovná,Rovná,Population as at 31. 12.,2014,Karlovarský kraj,Rovná,382
Rovná,Rovná,Population as at 31. 12.,2014,Kraj Vysočina,Rovná,56
Rovná,Rovná,Population as at 31. 12.,2013,Jihočeský kraj,Rovná,240
Rovná,Rovná,Population as at 31. 12.,2013,Karlovarský kraj,Rovná,421
Rovná,Rovná,Population as at 31. 12.,2013,Kraj Vysočina,Rovná,60
Rovná,Rovná,Population as at 31. 12.,2012,Jihočeský kraj,Rovná,242
Rovná,Rovná,Population as at 31. 12.,2012,Karlovarský kraj,Rovná,449
Rovná,Rovná,Population as at 31. 12.,2012,Kraj Vysočina,Rovná,58
Rovná,Rovná,Population as at 31. 12.,2011,Jihočeský kraj,Rovná,247
Rovná,Rovná,Population as at 31. 12.,2011,Karlovarský kraj,Rovná,467
Rovná,Rovná,Population as at 31. 12.,2011,Kraj Vysočina,Rovná,58
Rovná,Rovná,Population as at 31. 12.,2010,Jihočeský kraj,Rovná,238
Rovná,Rovná,Population as at 31. 12.,2010,Karlovarský kraj,Rovná,571
Rovná,Rovná,Population as at 31. 12.,2010,Kraj Vysočina,Rovná,66
Rovná,Rovná,Population as at 31. 12.,2009,Jihočeský kraj,Rovná,249
Rovná,Rovná,Population as at 31. 12.,2009,Karlovarský kraj,Rovná,572
Rovná,Rovná,Population as at 31. 12.,2009,Kraj Vysočina,Rovná,64
Rovná,Rovná,Population as at 31. 12.,2008,Jihočeský kraj,Rovná,252
Rovná,Rovná,Population as at 31. 12.,2008,Karlovarský kraj,Rovná,599
Rovná,Rovná,Population as at 31. 12.,2008,Kraj Vysočina,Rovná,63
Rovná,Rovná,Population as at 31. 12.,2007,Jihočeský kraj,Rovná,258
Rovná,Rovná,Population as at 31. 12.,2007,Karlovarský kraj,Rovná,602
Rovná,Rovná,Population as at 31. 12.,2007,Kraj Vysočina,Rovná,66
Rovná,Rovná,Population as at 31. 12.,2006,Jihočeský kraj,Rovná,254
Rovná,Rovná,Population as at 31. 12.,2006,Karlovarský kraj,Rovná,609
Rovná,Rovná,Population as at 31. 12.,2006,Kraj Vysočina,Rovná,66
Rovná,Rovná,Population as at 31. 12.,2005,Jihočeský kraj,Rovná,251
Rovná,Rovná,Population as at 31. 12.,2005,Karlovarský kraj,Rovná,622
Rovná,Rovná,Population as at 31. 12.,2005,Kraj Vysočina,Rovná,66
Rovná,Rovná,Population as at 31. 12.,2004,Jihočeský kraj,Rovná,250
Rovná,Rovná,Population as at 31. 12.,2004,Karlovarský kraj,Rovná,612
Rovná,Rovná,Population as at 31. 12.,2004,Kraj Vysočina,Rovná,62
Rovná,Rovná,Population as at 31. 12.,2003,Jihočeský kraj,Rovná,243
Rovná,Rovná,Population as at 31. 12.,2003,Karlovarský kraj,Rovná,619
Rovná,Rovná,Population as at 31. 12.,2003,Kraj Vysočina,Rovná,74
Rovná,Rovná,Population as at 31. 12.,2002,Jihočeský kraj,Rovná,247
Rovná,Rovná,Population as at 31. 12.,2002,Karlovarský kraj,Rovná,614
Rovná,Rovná,Population as at 31. 12.,2002,Kraj Vysočina,Rovná,66
Rovná,Rovná,Population as at 31. 12.,2001,Jihočeský kraj,Rovná,249
Rovná,Rovná,Population as at 31. 12.,2001,Karlovarský kraj,Rovná,597
Rovná,Rovná,Population as at 31. 12.,2001,Kraj Vysočina,Rovná,69
Rovná,Rovná,Population as at 31. 12.,2000,Jihočeský kraj,Rovná,231
Rovná,Rovná,Population as at 31. 12.,2000,Karlovarský kraj,Rovná,674
Rovná,Rovná,Population as at 31. 12.,2000,Kraj Vysočina,Rovná,74
Sadov,Sadov,Population as at 31. 12.,2022,Karlovarský kraj,Sadov,1270
Sadov,Sadov,Population as at 31. 12.,2021,Karlovarský kraj,Sadov,1265
Sadov,Sadov,Population as at 31. 12.,2020,Karlovarský kraj,Sadov,1299
Sadov,Sadov,Population as at 31. 12.,2019,Karlovarský kraj,Sadov,1273
Sadov,Sadov,Population as at 31. 12.,2018,Karlovarský kraj,Sadov,1269
Sadov,Sadov,Population as at 31. 12.,2017,Karlovarský kraj,Sadov,1272
Sadov,Sadov,Population as at 31. 12.,2016,Karlovarský kraj,Sadov,1266
Sadov,Sadov,Population as at 31. 12.,2015,Karlovarský kraj,Sadov,1270
Sadov,Sadov,Population as at 31. 12.,2014,Karlovarský kraj,Sadov,1263
Sadov,Sadov,Population as at 31. 12.,2013,Karlovarský kraj,Sadov,1280
Sadov,Sadov,Population as at 31. 12.,2012,Karlovarský kraj,Sadov,1253
Sadov,Sadov,Population as at 31. 12.,2011,Karlovarský kraj,Sadov,1235
Sadov,Sadov,Population as at 31. 12.,2010,Karlovarský kraj,Sadov,1187
Sadov,Sadov,Population as at 31. 12.,2009,Karlovarský kraj,Sadov,1181
Sadov,Sadov,Population as at 31. 12.,2008,Karlovarský kraj,Sadov,1144
Sadov,Sadov,Population as at 31. 12.,2007,Karlovarský kraj,Sadov,1112
Sadov,Sadov,Population as at 31. 12.,2006,Karlovarský kraj,Sadov,1087
Sadov,Sadov,Population as at 31. 12.,2005,Karlovarský kraj,Sadov,1064
Sadov,Sadov,Population as at 31. 12.,2004,Karlovarský kraj,Sadov,1053
Sadov,Sadov,Population as at 31. 12.,2003,Karlovarský kraj,Sadov,1016
Sadov,Sadov,Population as at 31. 12.,2002,Karlovarský kraj,Sadov,1020
Sadov,Sadov,Population as at 31. 12.,2001,Karlovarský kraj,Sadov,1016
Sadov,Sadov,Population as at 31. 12.,2000,Karlovarský kraj,Sadov,1003
Skalná,Skalná,Population as at 31. 12.,2022,Karlovarský kraj,Skalná,1916
Skalná,Skalná,Population as at 31. 12.,2021,Karlovarský kraj,Skalná,1905
Skalná,Skalná,Population as at 31. 12.,2020,Karlovarský kraj,Skalná,2001
Skalná,Skalná,Population as at 31. 12.,2019,Karlovarský kraj,Skalná,1988
Skalná,Skalná,Population as at 31. 12.,2018,Karlovarský kraj,Skalná,1999
Skalná,Skalná,Population as at 31. 12.,2017,Karlovarský kraj,Skalná,1938
Skalná,Skalná,Population as at 31. 12.,2016,Karlovarský kraj,Skalná,1944
Skalná,Skalná,Population as at 31. 12.,2015,Karlovarský kraj,Skalná,1924
Skalná,Skalná,Population as at 31. 12.,2014,Karlovarský kraj,Skalná,1896
Skalná,Skalná,Population as at 31. 12.,2013,Karlovarský kraj,Skalná,1888
Skalná,Skalná,Population as at 31. 12.,2012,Karlovarský kraj,Skalná,1887
Skalná,Skalná,Population as at 31. 12.,2011,Karlovarský kraj,Skalná,1884
Skalná,Skalná,Population as at 31. 12.,2010,Karlovarský kraj,Skalná,1950
Skalná,Skalná,Population as at 31. 12.,2009,Karlovarský kraj,Skalná,1942
Skalná,Skalná,Population as at 31. 12.,2008,Karlovarský kraj,Skalná,1930
Skalná,Skalná,Population as at 31. 12.,2007,Karlovarský kraj,Skalná,1942
Skalná,Skalná,Population as at 31. 12.,2006,Karlovarský kraj,Skalná,1913
Skalná,Skalná,Population as at 31. 12.,2005,Karlovarský kraj,Skalná,1847
Skalná,Skalná,Population as at 31. 12.,2004,Karlovarský kraj,Skalná,1795
Skalná,Skalná,Population as at 31. 12.,2003,Karlovarský kraj,Skalná,1766
Skalná,Skalná,Population as at 31. 12.,2002,Karlovarský kraj,Skalná,1706
Skalná,Skalná,Population as at 31. 12.,2001,Karlovarský kraj,Skalná,1689
Skalná,Skalná,Population as at 31. 12.,2000,Karlovarský kraj,Skalná,1598
Sokolov,Sokolov,Population as at 31. 12.,2022,Karlovarský kraj,Sokolov,22227
Sokolov,Sokolov,Population as at 31. 12.,2021,Karlovarský kraj,Sokolov,22097
Sokolov,Sokolov,Population as at 31. 12.,2020,Karlovarský kraj,Sokolov,22924
Sokolov,Sokolov,Population as at 31. 12.,2019,Karlovarský kraj,Sokolov,23033
Sokolov,Sokolov,Population as at 31. 12.,2018,Karlovarský kraj,Sokolov,23241
Sokolov,Sokolov,Population as at 31. 12.,2017,Karlovarský kraj,Sokolov,23438
Sokolov,Sokolov,Population as at 31. 12.,2016,Karlovarský kraj,Sokolov,23546
Sokolov,Sokolov,Population as at 31. 12.,2015,Karlovarský kraj,Sokolov,23678
Sokolov,Sokolov,Population as at 31. 12.,2014,Karlovarský kraj,Sokolov,23762
Sokolov,Sokolov,Population as at 31. 12.,2013,Karlovarský kraj,Sokolov,23879
Sokolov,Sokolov,Population as at 31. 12.,2012,Karlovarský kraj,Sokolov,23981
Sokolov,Sokolov,Population as at 31. 12.,2011,Karlovarský kraj,Sokolov,24111
Sokolov,Sokolov,Population as at 31. 12.,2010,Karlovarský kraj,Sokolov,24402
Sokolov,Sokolov,Population as at 31. 12.,2009,Karlovarský kraj,Sokolov,24382
Sokolov,Sokolov,Population as at 31. 12.,2008,Karlovarský kraj,Sokolov,24467
Sokolov,Sokolov,Population as at 31. 12.,2007,Karlovarský kraj,Sokolov,24488
Sokolov,Sokolov,Population as at 31. 12.,2006,Karlovarský kraj,Sokolov,24456
Sokolov,Sokolov,Population as at 31. 12.,2005,Karlovarský kraj,Sokolov,24579
Sokolov,Sokolov,Population as at 31. 12.,2004,Karlovarský kraj,Sokolov,24724
Sokolov,Sokolov,Population as at 31. 12.,2003,Karlovarský kraj,Sokolov,24901
Sokolov,Sokolov,Population as at 31. 12.,2002,Karlovarský kraj,Sokolov,24999
Sokolov,Sokolov,Population as at 31. 12.,2001,Karlovarský kraj,Sokolov,24968
Sokolov,Sokolov,Population as at 31. 12.,2000,Karlovarský kraj,Sokolov,25565
Stanovice,Stanovice,Population as at 31. 12.,2022,Karlovarský kraj,Stanovice,624
Stanovice,Stanovice,Population as at 31. 12.,2022,Královéhradecký kraj,Stanovice,60
Stanovice,Stanovice,Population as at 31. 12.,2021,Karlovarský kraj,Stanovice,610
Stanovice,Stanovice,Population as at 31. 12.,2021,Královéhradecký kraj,Stanovice,55
Stanovice,Stanovice,Population as at 31. 12.,2020,Karlovarský kraj,Stanovice,639
Stanovice,Stanovice,Population as at 31. 12.,2020,Královéhradecký kraj,Stanovice,57
Stanovice,Stanovice,Population as at 31. 12.,2019,Karlovarský kraj,Stanovice,629
Stanovice,Stanovice,Population as at 31. 12.,2019,Královéhradecký kraj,Stanovice,55
Stanovice,Stanovice,Population as at 31. 12.,2018,Karlovarský kraj,Stanovice,630
Stanovice,Stanovice,Population as at 31. 12.,2018,Královéhradecký kraj,Stanovice,55
Stanovice,Stanovice,Population as at 31. 12.,2017,Karlovarský kraj,Stanovice,632
Stanovice,Stanovice,Population as at 31. 12.,2017,Královéhradecký kraj,Stanovice,55
Stanovice,Stanovice,Population as at 31. 12.,2016,Karlovarský kraj,Stanovice,635
Stanovice,Stanovice,Population as at 31. 12.,2016,Královéhradecký kraj,Stanovice,57
Stanovice,Stanovice,Population as at 31. 12.,2015,Karlovarský kraj,Stanovice,621
Stanovice,Stanovice,Population as at 31. 12.,2015,Královéhradecký kraj,Stanovice,57
Stanovice,Stanovice,Population as at 31. 12.,2014,Karlovarský kraj,Stanovice,613
Stanovice,Stanovice,Population as at 31. 12.,2014,Královéhradecký kraj,Stanovice,59
Stanovice,Stanovice,Population as at 31. 12.,2013,Karlovarský kraj,Stanovice,596
Stanovice,Stanovice,Population as at 31. 12.,2013,Královéhradecký kraj,Stanovice,60
Stanovice,Stanovice,Population as at 31. 12.,2012,Karlovarský kraj,Stanovice,605
Stanovice,Stanovice,Population as at 31. 12.,2012,Královéhradecký kraj,Stanovice,60
Stanovice,Stanovice,Population as at 31. 12.,2011,Karlovarský kraj,Stanovice,606
Stanovice,Stanovice,Population as at 31. 12.,2011,Královéhradecký kraj,Stanovice,62
Stanovice,Stanovice,Population as at 31. 12.,2010,Karlovarský kraj,Stanovice,551
Stanovice,Stanovice,Population as at 31. 12.,2010,Královéhradecký kraj,Stanovice,66
Stanovice,Stanovice,Population as at 31. 12.,2009,Karlovarský kraj,Stanovice,546
Stanovice,Stanovice,Population as at 31. 12.,2009,Královéhradecký kraj,Stanovice,69
Stanovice,Stanovice,Population as at 31. 12.,2008,Karlovarský kraj,Stanovice,537
Stanovice,Stanovice,Population as at 31. 12.,2008,Královéhradecký kraj,Stanovice,72
Stanovice,Stanovice,Population as at 31. 12.,2007,Karlovarský kraj,Stanovice,524
Stanovice,Stanovice,Population as at 31. 12.,2007,Královéhradecký kraj,Stanovice,75
Stanovice,Stanovice,Population as at 31. 12.,2006,Karlovarský kraj,Stanovice,518
Stanovice,Stanovice,Population as at 31. 12.,2006,Královéhradecký kraj,Stanovice,76
Stanovice,Stanovice,Population as at 31. 12.,2005,Karlovarský kraj,Stanovice,496
Stanovice,Stanovice,Population as at 31. 12.,2005,Královéhradecký kraj,Stanovice,74
Stanovice,Stanovice,Population as at 31. 12.,2004,Karlovarský kraj,Stanovice,486
Stanovice,Stanovice,Population as at 31. 12.,2004,Královéhradecký kraj,Stanovice,77
Stanovice,Stanovice,Population as at 31. 12.,2003,Karlovarský kraj,Stanovice,495
Stanovice,Stanovice,Population as at 31. 12.,2003,Královéhradecký kraj,Stanovice,77
Stanovice,Stanovice,Population as at 31. 12.,2002,Karlovarský kraj,Stanovice,493
Stanovice,Stanovice,Population as at 31. 12.,2002,Královéhradecký kraj,Stanovice,77
Stanovice,Stanovice,Population as at 31. 12.,2001,Karlovarský kraj,Stanovice,494
Stanovice,Stanovice,Population as at 31. 12.,2001,Královéhradecký kraj,Stanovice,76
Stanovice,Stanovice,Population as at 31. 12.,2000,Karlovarský kraj,Stanovice,487
Stanovice,Stanovice,Population as at 31. 12.,2000,Královéhradecký kraj,Stanovice,78
Stružná,Stružná,Population as at 31. 12.,2022,Karlovarský kraj,Stružná,604
Stružná,Stružná,Population as at 31. 12.,2021,Karlovarský kraj,Stružná,583
Stružná,Stružná,Population as at 31. 12.,2020,Karlovarský kraj,Stružná,570
Stružná,Stružná,Population as at 31. 12.,2019,Karlovarský kraj,Stružná,581
Stružná,Stružná,Population as at 31. 12.,2018,Karlovarský kraj,Stružná,573
Stružná,Stružná,Population as at 31. 12.,2017,Karlovarský kraj,Stružná,547
Stružná,Stružná,Population as at 31. 12.,2016,Karlovarský kraj,Stružná,548
Stružná,Stružná,Population as at 31. 12.,2015,Karlovarský kraj,Stružná,548
Stružná,Stružná,Population as at 31. 12.,2014,Karlovarský kraj,Stružná,552
Stružná,Stružná,Population as at 31. 12.,2013,Karlovarský kraj,Stružná,537
Stružná,Stružná,Population as at 31. 12.,2012,Karlovarský kraj,Stružná,532
Stružná,Stružná,Population as at 31. 12.,2011,Karlovarský kraj,Stružná,522
Stružná,Stružná,Population as at 31. 12.,2010,Karlovarský kraj,Stružná,529
Stružná,Stružná,Population as at 31. 12.,2009,Karlovarský kraj,Stružná,519
Stružná,Stružná,Population as at 31. 12.,2008,Karlovarský kraj,Stružná,534
Stružná,Stružná,Population as at 31. 12.,2007,Karlovarský kraj,Stružná,532
Stružná,Stružná,Population as at 31. 12.,2006,Karlovarský kraj,Stružná,528
Stružná,Stružná,Population as at 31. 12.,2005,Karlovarský kraj,Stružná,523
Stružná,Stružná,Population as at 31. 12.,2004,Karlovarský kraj,Stružná,523
Stružná,Stružná,Population as at 31. 12.,2003,Karlovarský kraj,Stružná,511
Stružná,Stružná,Population as at 31. 12.,2002,Karlovarský kraj,Stružná,512
Stružná,Stružná,Population as at 31. 12.,2001,Karlovarský kraj,Stružná,511
Stružná,Stružná,Population as at 31. 12.,2000,Karlovarský kraj,Stružná,478
Stříbrná,Stříbrná,Population as at 31. 12.,2022,Karlovarský kraj,Stříbrná,445
Stříbrná,Stříbrná,Population as at 31. 12.,2021,Karlovarský kraj,Stříbrná,446
Stříbrná,Stříbrná,Population as at 31. 12.,2020,Karlovarský kraj,Stříbrná,466
Stříbrná,Stříbrná,Population as at 31. 12.,2019,Karlovarský kraj,Stříbrná,471
Stříbrná,Stříbrná,Population as at 31. 12.,2018,Karlovarský kraj,Stříbrná,463
Stříbrná,Stříbrná,Population as at 31. 12.,2017,Karlovarský kraj,Stříbrná,451
Stříbrná,Stříbrná,Population as at 31. 12.,2016,Karlovarský kraj,Stříbrná,443
Stříbrná,Stříbrná,Population as at 31. 12.,2015,Karlovarský kraj,Stříbrná,451
Stříbrná,Stříbrná,Population as at 31. 12.,2014,Karlovarský kraj,Stříbrná,443
Stříbrná,Stříbrná,Population as at 31. 12.,2013,Karlovarský kraj,Stříbrná,448
Stříbrná,Stříbrná,Population as at 31. 12.,2012,Karlovarský kraj,Stříbrná,446
Stříbrná,Stříbrná,Population as at 31. 12.,2011,Karlovarský kraj,Stříbrná,442
Stříbrná,Stříbrná,Population as at 31. 12.,2010,Karlovarský kraj,Stříbrná,421
Stříbrná,Stříbrná,Population as at 31. 12.,2009,Karlovarský kraj,Stříbrná,429
Stříbrná,Stříbrná,Population as at 31. 12.,2008,Karlovarský kraj,Stříbrná,429
Stříbrná,Stříbrná,Population as at 31. 12.,2007,Karlovarský kraj,Stříbrná,433
Stříbrná,Stříbrná,Population as at 31. 12.,2006,Karlovarský kraj,Stříbrná,432
Stříbrná,Stříbrná,Population as at 31. 12.,2005,Karlovarský kraj,Stříbrná,456
Stříbrná,Stříbrná,Population as at 31. 12.,2004,Karlovarský kraj,Stříbrná,451
Stříbrná,Stříbrná,Population as at 31. 12.,2003,Karlovarský kraj,Stříbrná,459
Stříbrná,Stříbrná,Population as at 31. 12.,2002,Karlovarský kraj,Stříbrná,438
Stříbrná,Stříbrná,Population as at 31. 12.,2001,Karlovarský kraj,Stříbrná,434
Stříbrná,Stříbrná,Population as at 31. 12.,2000,Karlovarský kraj,Stříbrná,440
Svatava,Svatava,Population as at 31. 12.,2022,Karlovarský kraj,Svatava,1644
Svatava,Svatava,Population as at 31. 12.,2021,Karlovarský kraj,Svatava,1617
Svatava,Svatava,Population as at 31. 12.,2020,Karlovarský kraj,Svatava,1657
Svatava,Svatava,Population as at 31. 12.,2019,Karlovarský kraj,Svatava,1689
Svatava,Svatava,Population as at 31. 12.,2018,Karlovarský kraj,Svatava,1663
Svatava,Svatava,Population as at 31. 12.,2017,Karlovarský kraj,Svatava,1662
Svatava,Svatava,Population as at 31. 12.,2016,Karlovarský kraj,Svatava,1651
Svatava,Svatava,Population as at 31. 12.,2015,Karlovarský kraj,Svatava,1649
Svatava,Svatava,Population as at 31. 12.,2014,Karlovarský kraj,Svatava,1663
Svatava,Svatava,Population as at 31. 12.,2013,Karlovarský kraj,Svatava,1678
Svatava,Svatava,Population as at 31. 12.,2012,Karlovarský kraj,Svatava,1691
Svatava,Svatava,Population as at 31. 12.,2011,Karlovarský kraj,Svatava,1673
Svatava,Svatava,Population as at 31. 12.,2010,Karlovarský kraj,Svatava,1628
Svatava,Svatava,Population as at 31. 12.,2009,Karlovarský kraj,Svatava,1602
Svatava,Svatava,Population as at 31. 12.,2008,Karlovarský kraj,Svatava,1603
Svatava,Svatava,Population as at 31. 12.,2007,Karlovarský kraj,Svatava,1660
Svatava,Svatava,Population as at 31. 12.,2006,Karlovarský kraj,Svatava,1643
Svatava,Svatava,Population as at 31. 12.,2005,Karlovarský kraj,Svatava,1619
Svatava,Svatava,Population as at 31. 12.,2004,Karlovarský kraj,Svatava,1599
Svatava,Svatava,Population as at 31. 12.,2003,Karlovarský kraj,Svatava,1577
Svatava,Svatava,Population as at 31. 12.,2002,Karlovarský kraj,Svatava,1586
Svatava,Svatava,Population as at 31. 12.,2001,Karlovarský kraj,Svatava,1572
Svatava,Svatava,Population as at 31. 12.,2000,Karlovarský kraj,Svatava,1428
Tatrovice,Tatrovice,Population as at 31. 12.,2022,Karlovarský kraj,Tatrovice,171
Tatrovice,Tatrovice,Population as at 31. 12.,2021,Karlovarský kraj,Tatrovice,170
Tatrovice,Tatrovice,Population as at 31. 12.,2020,Karlovarský kraj,Tatrovice,180
Tatrovice,Tatrovice,Population as at 31. 12.,2019,Karlovarský kraj,Tatrovice,180
Tatrovice,Tatrovice,Population as at 31. 12.,2018,Karlovarský kraj,Tatrovice,182
Tatrovice,Tatrovice,Population as at 31. 12.,2017,Karlovarský kraj,Tatrovice,187
Tatrovice,Tatrovice,Population as at 31. 12.,2016,Karlovarský kraj,Tatrovice,187
Tatrovice,Tatrovice,Population as at 31. 12.,2015,Karlovarský kraj,Tatrovice,183
Tatrovice,Tatrovice,Population as at 31. 12.,2014,Karlovarský kraj,Tatrovice,178
Tatrovice,Tatrovice,Population as at 31. 12.,2013,Karlovarský kraj,Tatrovice,178
Tatrovice,Tatrovice,Population as at 31. 12.,2012,Karlovarský kraj,Tatrovice,171
Tatrovice,Tatrovice,Population as at 31. 12.,2011,Karlovarský kraj,Tatrovice,169
Tatrovice,Tatrovice,Population as at 31. 12.,2010,Karlovarský kraj,Tatrovice,174
Tatrovice,Tatrovice,Population as at 31. 12.,2009,Karlovarský kraj,Tatrovice,170
Tatrovice,Tatrovice,Population as at 31. 12.,2008,Karlovarský kraj,Tatrovice,167
Tatrovice,Tatrovice,Population as at 31. 12.,2007,Karlovarský kraj,Tatrovice,157
Tatrovice,Tatrovice,Population as at 31. 12.,2006,Karlovarský kraj,Tatrovice,160
Tatrovice,Tatrovice,Population as at 31. 12.,2005,Karlovarský kraj,Tatrovice,156
Tatrovice,Tatrovice,Population as at 31. 12.,2004,Karlovarský kraj,Tatrovice,148
Tatrovice,Tatrovice,Population as at 31. 12.,2003,Karlovarský kraj,Tatrovice,146
Tatrovice,Tatrovice,Population as at 31. 12.,2002,Karlovarský kraj,Tatrovice,143
Tatrovice,Tatrovice,Population as at 31. 12.,2001,Karlovarský kraj,Tatrovice,134
Tatrovice,Tatrovice,Population as at 31. 12.,2000,Karlovarský kraj,Tatrovice,136
Teplička,Teplička,Population as at 31. 12.,2022,Karlovarský kraj,Teplička,106
Teplička,Teplička,Population as at 31. 12.,2021,Karlovarský kraj,Teplička,108
Teplička,Teplička,Population as at 31. 12.,2020,Karlovarský kraj,Teplička,124
Teplička,Teplička,Population as at 31. 12.,2019,Karlovarský kraj,Teplička,123
Teplička,Teplička,Population as at 31. 12.,2018,Karlovarský kraj,Teplička,119
Teplička,Teplička,Population as at 31. 12.,2017,Karlovarský kraj,Teplička,117
Teplička,Teplička,Population as at 31. 12.,2016,Karlovarský kraj,Teplička,125
Teplička,Teplička,Population as at 31. 12.,2015,Karlovarský kraj,Teplička,124
Teplička,Teplička,Population as at 31. 12.,2014,Karlovarský kraj,Teplička,117
Teplička,Teplička,Population as at 31. 12.,2013,Karlovarský kraj,Teplička,112
Teplička,Teplička,Population as at 31. 12.,2012,Karlovarský kraj,Teplička,111
Teplička,Teplička,Population as at 31. 12.,2011,Karlovarský kraj,Teplička,105
Teplička,Teplička,Population as at 31. 12.,2010,Karlovarský kraj,Teplička,95
Teplička,Teplička,Population as at 31. 12.,2009,Karlovarský kraj,Teplička,97
Teplička,Teplička,Population as at 31. 12.,2008,Karlovarský kraj,Teplička,95
Teplička,Teplička,Population as at 31. 12.,2007,Karlovarský kraj,Teplička,85
Teplička,Teplička,Population as at 31. 12.,2006,Karlovarský kraj,Teplička,84
Teplička,Teplička,Population as at 31. 12.,2005,Karlovarský kraj,Teplička,83
Teplička,Teplička,Population as at 31. 12.,2004,Karlovarský kraj,Teplička,82
Teplička,Teplička,Population as at 31. 12.,2003,Karlovarský kraj,Teplička,81
Teplička,Teplička,Population as at 31. 12.,2002,Karlovarský kraj,Teplička,77
Teplička,Teplička,Population as at 31. 12.,2001,Karlovarský kraj,Teplička,75
Teplička,Teplička,Population as at 31. 12.,2000,Karlovarský kraj,Teplička,81
Teplá,Teplá,Population as at 31. 12.,2022,Karlovarský kraj,Teplá,2926
Teplá,Teplá,Population as at 31. 12.,2021,Karlovarský kraj,Teplá,2909
Teplá,Teplá,Population as at 31. 12.,2020,Karlovarský kraj,Teplá,2961
Teplá,Teplá,Population as at 31. 12.,2019,Karlovarský kraj,Teplá,2954
Teplá,Teplá,Population as at 31. 12.,2018,Karlovarský kraj,Teplá,2946
Teplá,Teplá,Population as at 31. 12.,2017,Karlovarský kraj,Teplá,2941
Teplá,Teplá,Population as at 31. 12.,2016,Karlovarský kraj,Teplá,2961
Teplá,Teplá,Population as at 31. 12.,2015,Karlovarský kraj,Teplá,2962
Teplá,Teplá,Population as at 31. 12.,2014,Karlovarský kraj,Teplá,3020
Teplá,Teplá,Population as at 31. 12.,2013,Karlovarský kraj,Teplá,3012
Teplá,Teplá,Population as at 31. 12.,2012,Karlovarský kraj,Teplá,3052
Teplá,Teplá,Population as at 31. 12.,2011,Karlovarský kraj,Teplá,3069
Teplá,Teplá,Population as at 31. 12.,2010,Karlovarský kraj,Teplá,3113
Teplá,Teplá,Population as at 31. 12.,2009,Karlovarský kraj,Teplá,3087
Teplá,Teplá,Population as at 31. 12.,2008,Karlovarský kraj,Teplá,3086
Teplá,Teplá,Population as at 31. 12.,2007,Karlovarský kraj,Teplá,3065
Teplá,Teplá,Population as at 31. 12.,2006,Karlovarský kraj,Teplá,3043
Teplá,Teplá,Population as at 31. 12.,2005,Karlovarský kraj,Teplá,2995
Teplá,Teplá,Population as at 31. 12.,2004,Karlovarský kraj,Teplá,3005
Teplá,Teplá,Population as at 31. 12.,2003,Karlovarský kraj,Teplá,3034
Teplá,Teplá,Population as at 31. 12.,2002,Karlovarský kraj,Teplá,3061
Teplá,Teplá,Population as at 31. 12.,2001,Karlovarský kraj,Teplá,3079
Teplá,Teplá,Population as at 31. 12.,2000,Karlovarský kraj,Teplá,3107
Těšovice,Těšovice,Population as at 31. 12.,2022,Jihočeský kraj,Těšovice,319
Těšovice,Těšovice,Population as at 31. 12.,2022,Karlovarský kraj,Těšovice,256
Těšovice,Těšovice,Population as at 31. 12.,2021,Jihočeský kraj,Těšovice,311
Těšovice,Těšovice,Population as at 31. 12.,2021,Karlovarský kraj,Těšovice,252
Těšovice,Těšovice,Population as at 31. 12.,2020,Jihočeský kraj,Těšovice,320
Těšovice,Těšovice,Population as at 31. 12.,2020,Karlovarský kraj,Těšovice,258
Těšovice,Těšovice,Population as at 31. 12.,2019,Jihočeský kraj,Těšovice,319
Těšovice,Těšovice,Population as at 31. 12.,2019,Karlovarský kraj,Těšovice,263
Těšovice,Těšovice,Population as at 31. 12.,2018,Jihočeský kraj,Těšovice,311
Těšovice,Těšovice,Population as at 31. 12.,2018,Karlovarský kraj,Těšovice,249
Těšovice,Těšovice,Population as at 31. 12.,2017,Jihočeský kraj,Těšovice,305
Těšovice,Těšovice,Population as at 31. 12.,2017,Karlovarský kraj,Těšovice,240
Těšovice,Těšovice,Population as at 31. 12.,2016,Jihočeský kraj,Těšovice,294
Těšovice,Těšovice,Population as at 31. 12.,2016,Karlovarský kraj,Těšovice,221
Těšovice,Těšovice,Population as at 31. 12.,2015,Jihočeský kraj,Těšovice,307
Těšovice,Těšovice,Population as at 31. 12.,2015,Karlovarský kraj,Těšovice,216
Těšovice,Těšovice,Population as at 31. 12.,2014,Jihočeský kraj,Těšovice,311
Těšovice,Těšovice,Population as at 31. 12.,2014,Karlovarský kraj,Těšovice,206
Těšovice,Těšovice,Population as at 31. 12.,2013,Jihočeský kraj,Těšovice,302
Těšovice,Těšovice,Population as at 31. 12.,2013,Karlovarský kraj,Těšovice,189
Těšovice,Těšovice,Population as at 31. 12.,2012,Jihočeský kraj,Těšovice,293
Těšovice,Těšovice,Population as at 31. 12.,2012,Karlovarský kraj,Těšovice,177
Těšovice,Těšovice,Population as at 31. 12.,2011,Jihočeský kraj,Těšovice,289
Těšovice,Těšovice,Population as at 31. 12.,2011,Karlovarský kraj,Těšovice,176
Těšovice,Těšovice,Population as at 31. 12.,2010,Jihočeský kraj,Těšovice,281
Těšovice,Těšovice,Population as at 31. 12.,2010,Karlovarský kraj,Těšovice,159
Těšovice,Těšovice,Population as at 31. 12.,2009,Jihočeský kraj,Těšovice,276
Těšovice,Těšovice,Population as at 31. 12.,2009,Karlovarský kraj,Těšovice,155
Těšovice,Těšovice,Population as at 31. 12.,2008,Jihočeský kraj,Těšovice,281
Těšovice,Těšovice,Population as at 31. 12.,2008,Karlovarský kraj,Těšovice,155
Těšovice,Těšovice,Population as at 31. 12.,2007,Jihočeský kraj,Těšovice,274
Těšovice,Těšovice,Population as at 31. 12.,2007,Karlovarský kraj,Těšovice,145
Těšovice,Těšovice,Population as at 31. 12.,2006,Jihočeský kraj,Těšovice,273
Těšovice,Těšovice,Population as at 31. 12.,2006,Karlovarský kraj,Těšovice,144
Těšovice,Těšovice,Population as at 31. 12.,2005,Jihočeský kraj,Těšovice,265
Těšovice,Těšovice,Population as at 31. 12.,2005,Karlovarský kraj,Těšovice,145
Těšovice,Těšovice,Population as at 31. 12.,2004,Jihočeský kraj,Těšovice,254
Těšovice,Těšovice,Population as at 31. 12.,2004,Karlovarský kraj,Těšovice,135
Těšovice,Těšovice,Population as at 31. 12.,2003,Jihočeský kraj,Těšovice,255
Těšovice,Těšovice,Population as at 31. 12.,2003,Karlovarský kraj,Těšovice,135
Těšovice,Těšovice,Population as at 31. 12.,2002,Jihočeský kraj,Těšovice,260
Těšovice,Těšovice,Population as at 31. 12.,2002,Karlovarský kraj,Těšovice,144
Těšovice,Těšovice,Population as at 31. 12.,2001,Jihočeský kraj,Těšovice,266
Těšovice,Těšovice,Population as at 31. 12.,2001,Karlovarský kraj,Těšovice,140
Těšovice,Těšovice,Population as at 31. 12.,2000,Jihočeský kraj,Těšovice,253
Těšovice,Těšovice,Population as at 31. 12.,2000,Karlovarský kraj,Těšovice,175
Třebeň,Třebeň,Population as at 31. 12.,2022,Karlovarský kraj,Třebeň,460
Třebeň,Třebeň,Population as at 31. 12.,2021,Karlovarský kraj,Třebeň,431
Třebeň,Třebeň,Population as at 31. 12.,2020,Karlovarský kraj,Třebeň,413
Třebeň,Třebeň,Population as at 31. 12.,2019,Karlovarský kraj,Třebeň,399
Třebeň,Třebeň,Population as at 31. 12.,2018,Karlovarský kraj,Třebeň,398
Třebeň,Třebeň,Population as at 31. 12.,2017,Karlovarský kraj,Třebeň,391
Třebeň,Třebeň,Population as at 31. 12.,2016,Karlovarský kraj,Třebeň,402
Třebeň,Třebeň,Population as at 31. 12.,2015,Karlovarský kraj,Třebeň,403
Třebeň,Třebeň,Population as at 31. 12.,2014,Karlovarský kraj,Třebeň,405
Třebeň,Třebeň,Population as at 31. 12.,2013,Karlovarský kraj,Třebeň,412
Třebeň,Třebeň,Population as at 31. 12.,2012,Karlovarský kraj,Třebeň,432
Třebeň,Třebeň,Population as at 31. 12.,2011,Karlovarský kraj,Třebeň,435
Třebeň,Třebeň,Population as at 31. 12.,2010,Karlovarský kraj,Třebeň,412
Třebeň,Třebeň,Population as at 31. 12.,2009,Karlovarský kraj,Třebeň,417
Třebeň,Třebeň,Population as at 31. 12.,2008,Karlovarský kraj,Třebeň,412
Třebeň,Třebeň,Population as at 31. 12.,2007,Karlovarský kraj,Třebeň,412
Třebeň,Třebeň,Population as at 31. 12.,2006,Karlovarský kraj,Třebeň,410
Třebeň,Třebeň,Population as at 31. 12.,2005,Karlovarský kraj,Třebeň,401
Třebeň,Třebeň,Population as at 31. 12.,2004,Karlovarský kraj,Třebeň,392
Třebeň,Třebeň,Population as at 31. 12.,2003,Karlovarský kraj,Třebeň,383
Třebeň,Třebeň,Population as at 31. 12.,2002,Karlovarský kraj,Třebeň,363
Třebeň,Třebeň,Population as at 31. 12.,2001,Karlovarský kraj,Třebeň,354
Třebeň,Třebeň,Population as at 31. 12.,2000,Karlovarský kraj,Třebeň,306
Velichov,Velichov,Population as at 31. 12.,2022,Karlovarský kraj,Velichov,502
Velichov,Velichov,Population as at 31. 12.,2021,Karlovarský kraj,Velichov,498
Velichov,Velichov,Population as at 31. 12.,2020,Karlovarský kraj,Velichov,551
Velichov,Velichov,Population as at 31. 12.,2019,Karlovarský kraj,Velichov,543
Velichov,Velichov,Population as at 31. 12.,2018,Karlovarský kraj,Velichov,549
Velichov,Velichov,Population as at 31. 12.,2017,Karlovarský kraj,Velichov,553
Velichov,Velichov,Population as at 31. 12.,2016,Karlovarský kraj,Velichov,551
Velichov,Velichov,Population as at 31. 12.,2015,Karlovarský kraj,Velichov,557
Velichov,Velichov,Population as at 31. 12.,2014,Karlovarský kraj,Velichov,544
Velichov,Velichov,Population as at 31. 12.,2013,Karlovarský kraj,Velichov,543
Velichov,Velichov,Population as at 31. 12.,2012,Karlovarský kraj,Velichov,544
Velichov,Velichov,Population as at 31. 12.,2011,Karlovarský kraj,Velichov,548
Velichov,Velichov,Population as at 31. 12.,2010,Karlovarský kraj,Velichov,555
Velichov,Velichov,Population as at 31. 12.,2009,Karlovarský kraj,Velichov,539
Velichov,Velichov,Population as at 31. 12.,2008,Karlovarský kraj,Velichov,538
Velichov,Velichov,Population as at 31. 12.,2007,Karlovarský kraj,Velichov,526
Velichov,Velichov,Population as at 31. 12.,2006,Karlovarský kraj,Velichov,517
Velichov,Velichov,Population as at 31. 12.,2005,Karlovarský kraj,Velichov,512
Velichov,Velichov,Population as at 31. 12.,2004,Karlovarský kraj,Velichov,508
Velichov,Velichov,Population as at 31. 12.,2003,Karlovarský kraj,Velichov,506
Velichov,Velichov,Population as at 31. 12.,2002,Karlovarský kraj,Velichov,499
Velichov,Velichov,Population as at 31. 12.,2001,Karlovarský kraj,Velichov,492
Velichov,Velichov,Population as at 31. 12.,2000,Karlovarský kraj,Velichov,425
Velký Luh,Velký Luh,Population as at 31. 12.,2022,Karlovarský kraj,Velký Luh,170
Velký Luh,Velký Luh,Population as at 31. 12.,2021,Karlovarský kraj,Velký Luh,167
Velký Luh,Velký Luh,Population as at 31. 12.,2020,Karlovarský kraj,Velký Luh,163
Velký Luh,Velký Luh,Population as at 31. 12.,2019,Karlovarský kraj,Velký Luh,164
Velký Luh,Velký Luh,Population as at 31. 12.,2018,Karlovarský kraj,Velký Luh,167
Velký Luh,Velký Luh,Population as at 31. 12.,2017,Karlovarský kraj,Velký Luh,158
Velký Luh,Velký Luh,Population as at 31. 12.,2016,Karlovarský kraj,Velký Luh,150
Velký Luh,Velký Luh,Population as at 31. 12.,2015,Karlovarský kraj,Velký Luh,153
Velký Luh,Velký Luh,Population as at 31. 12.,2014,Karlovarský kraj,Velký Luh,154
Velký Luh,Velký Luh,Population as at 31. 12.,2013,Karlovarský kraj,Velký Luh,155
Velký Luh,Velký Luh,Population as at 31. 12.,2012,Karlovarský kraj,Velký Luh,151
Velký Luh,Velký Luh,Population as at 31. 12.,2011,Karlovarský kraj,Velký Luh,147
Velký Luh,Velký Luh,Population as at 31. 12.,2010,Karlovarský kraj,Velký Luh,150
Velký Luh,Velký Luh,Population as at 31. 12.,2009,Karlovarský kraj,Velký Luh,150
Velký Luh,Velký Luh,Population as at 31. 12.,2008,Karlovarský kraj,Velký Luh,144
Velký Luh,Velký Luh,Population as at 31. 12.,2007,Karlovarský kraj,Velký Luh,143
Velký Luh,Velký Luh,Population as at 31. 12.,2006,Karlovarský kraj,Velký Luh,141
Velký Luh,Velký Luh,Population as at 31. 12.,2005,Karlovarský kraj,Velký Luh,138
Velký Luh,Velký Luh,Population as at 31. 12.,2004,Karlovarský kraj,Velký Luh,137
Velký Luh,Velký Luh,Population as at 31. 12.,2003,Karlovarský kraj,Velký Luh,131
Velký Luh,Velký Luh,Population as at 31. 12.,2002,Karlovarský kraj,Velký Luh,131
Velký Luh,Velký Luh,Population as at 31. 12.,2001,Karlovarský kraj,Velký Luh,123
Velký Luh,Velký Luh,Population as at 31. 12.,2000,Karlovarský kraj,Velký Luh,113
Vintířov,Vintířov,Population as at 31. 12.,2022,Karlovarský kraj,Vintířov,1232
Vintířov,Vintířov,Population as at 31. 12.,2021,Karlovarský kraj,Vintířov,1208
Vintířov,Vintířov,Population as at 31. 12.,2020,Karlovarský kraj,Vintířov,1196
Vintířov,Vintířov,Population as at 31. 12.,2019,Karlovarský kraj,Vintířov,1196
Vintířov,Vintířov,Population as at 31. 12.,2018,Karlovarský kraj,Vintířov,1187
Vintířov,Vintířov,Population as at 31. 12.,2017,Karlovarský kraj,Vintířov,1157
Vintířov,Vintířov,Population as at 31. 12.,2016,Karlovarský kraj,Vintířov,1148
Vintířov,Vintířov,Population as at 31. 12.,2015,Karlovarský kraj,Vintířov,1135
Vintířov,Vintířov,Population as at 31. 12.,2014,Karlovarský kraj,Vintířov,1151
Vintířov,Vintířov,Population as at 31. 12.,2013,Karlovarský kraj,Vintířov,1162
Vintířov,Vintířov,Population as at 31. 12.,2012,Karlovarský kraj,Vintířov,1165
Vintířov,Vintířov,Population as at 31. 12.,2011,Karlovarský kraj,Vintířov,1165
Vintířov,Vintířov,Population as at 31. 12.,2010,Karlovarský kraj,Vintířov,1164
Vintířov,Vintířov,Population as at 31. 12.,2009,Karlovarský kraj,Vintířov,1184
Vintířov,Vintířov,Population as at 31. 12.,2008,Karlovarský kraj,Vintířov,1157
Vintířov,Vintířov,Population as at 31. 12.,2007,Karlovarský kraj,Vintířov,1177
Vintířov,Vintířov,Population as at 31. 12.,2006,Karlovarský kraj,Vintířov,1162
Vintířov,Vintířov,Population as at 31. 12.,2005,Karlovarský kraj,Vintířov,1166
Vintířov,Vintířov,Population as at 31. 12.,2004,Karlovarský kraj,Vintířov,1142
Vintířov,Vintířov,Population as at 31. 12.,2003,Karlovarský kraj,Vintířov,1132
Vintířov,Vintířov,Population as at 31. 12.,2002,Karlovarský kraj,Vintířov,1110
Vintířov,Vintířov,Population as at 31. 12.,2001,Karlovarský kraj,Vintířov,1096
Vintířov,Vintířov,Population as at 31. 12.,2000,Karlovarský kraj,Vintířov,1062
Vysoká Pec,Vysoká Pec,Population as at 31. 12.,2022,Karlovarský kraj,Vysoká Pec,341
Vysoká Pec,Vysoká Pec,Population as at 31. 12.,2022,Ústecký kraj,Vysoká Pec,1130
Vysoká Pec,Vysoká Pec,Population as at 31. 12.,2021,Karlovarský kraj,Vysoká Pec,336
Vysoká Pec,Vysoká Pec,Population as at 31. 12.,2021,Ústecký kraj,Vysoká Pec,1120
Vysoká Pec,Vysoká Pec,Population as at 31. 12.,2020,Karlovarský kraj,Vysoká Pec,351
Vysoká Pec,Vysoká Pec,Population as at 31. 12.,2020,Ústecký kraj,Vysoká Pec,1086
Vysoká Pec,Vysoká Pec,Population as at 31. 12.,2019,Karlovarský kraj,Vysoká Pec,349
Vysoká Pec,Vysoká Pec,Population as at 31. 12.,2019,Ústecký kraj,Vysoká Pec,1075
Vysoká Pec,Vysoká Pec,Population as at 31. 12.,2018,Karlovarský kraj,Vysoká Pec,372
Vysoká Pec,Vysoká Pec,Population as at 31. 12.,2018,Ústecký kraj,Vysoká Pec,1058
Vysoká Pec,Vysoká Pec,Population as at 31. 12.,2017,Karlovarský kraj,Vysoká Pec,373
Vysoká Pec,Vysoká Pec,Population as at 31. 12.,2017,Ústecký kraj,Vysoká Pec,1061
Vysoká Pec,Vysoká Pec,Population as at 31. 12.,2016,Karlovarský kraj,Vysoká Pec,364
Vysoká Pec,Vysoká Pec,Population as at 31. 12.,2016,Ústecký kraj,Vysoká Pec,1068
Vysoká Pec,Vysoká Pec,Population as at 31. 12.,2015,Karlovarský kraj,Vysoká Pec,358
Vysoká Pec,Vysoká Pec,Population as at 31. 12.,2015,Ústecký kraj,Vysoká Pec,1062
Vysoká Pec,Vysoká Pec,Population as at 31. 12.,2014,Karlovarský kraj,Vysoká Pec,361
Vysoká Pec,Vysoká Pec,Population as at 31. 12.,2014,Ústecký kraj,Vysoká Pec,1032
Vysoká Pec,Vysoká Pec,Population as at 31. 12.,2013,Karlovarský kraj,Vysoká Pec,349
Vysoká Pec,Vysoká Pec,Population as at 31. 12.,2013,Ústecký kraj,Vysoká Pec,1017
Vysoká Pec,Vysoká Pec,Population as at 31. 12.,2012,Karlovarský kraj,Vysoká Pec,341
Vysoká Pec,Vysoká Pec,Population as at 31. 12.,2012,Ústecký kraj,Vysoká Pec,1000
Vysoká Pec,Vysoká Pec,Population as at 31. 12.,2011,Karlovarský kraj,Vysoká Pec,339
Vysoká Pec,Vysoká Pec,Population as at 31. 12.,2011,Ústecký kraj,Vysoká Pec,981
Vysoká Pec,Vysoká Pec,Population as at 31. 12.,2010,Karlovarský kraj,Vysoká Pec,345
Vysoká Pec,Vysoká Pec,Population as at 31. 12.,2010,Ústecký kraj,Vysoká Pec,966
Vysoká Pec,Vysoká Pec,Population as at 31. 12.,2009,Karlovarský kraj,Vysoká Pec,332
Vysoká Pec,Vysoká Pec,Population as at 31. 12.,2009,Ústecký kraj,Vysoká Pec,949
Vysoká Pec,Vysoká Pec,Population as at 31. 12.,2008,Karlovarský kraj,Vysoká Pec,314
Vysoká Pec,Vysoká Pec,Population as at 31. 12.,2008,Ústecký kraj,Vysoká Pec,917
Vysoká Pec,Vysoká Pec,Population as at 31. 12.,2007,Karlovarský kraj,Vysoká Pec,303
Vysoká Pec,Vysoká Pec,Population as at 31. 12.,2007,Ústecký kraj,Vysoká Pec,894
Vysoká Pec,Vysoká Pec,Population as at 31. 12.,2006,Karlovarský kraj,Vysoká Pec,297
Vysoká Pec,Vysoká Pec,Population as at 31. 12.,2006,Ústecký kraj,Vysoká Pec,865
Vysoká Pec,Vysoká Pec,Population as at 31. 12.,2005,Karlovarský kraj,Vysoká Pec,289
Vysoká Pec,Vysoká Pec,Population as at 31. 12.,2005,Ústecký kraj,Vysoká Pec,836
Vysoká Pec,Vysoká Pec,Population as at 31. 12.,2004,Karlovarský kraj,Vysoká Pec,286
Vysoká Pec,Vysoká Pec,Population as at 31. 12.,2004,Ústecký kraj,Vysoká Pec,812
Vysoká Pec,Vysoká Pec,Population as at 31. 12.,2003,Karlovarský kraj,Vysoká Pec,276
Vysoká Pec,Vysoká Pec,Population as at 31. 12.,2003,Ústecký kraj,Vysoká Pec,803
Vysoká Pec,Vysoká Pec,Population as at 31. 12.,2002,Karlovarský kraj,Vysoká Pec,273
Vysoká Pec,Vysoká Pec,Population as at 31. 12.,2002,Ústecký kraj,Vysoká Pec,779
Vysoká Pec,Vysoká Pec,Population as at 31. 12.,2001,Karlovarský kraj,Vysoká Pec,260
Vysoká Pec,Vysoká Pec,Population as at 31. 12.,2001,Ústecký kraj,Vysoká Pec,778
Vysoká Pec,Vysoká Pec,Population as at 31. 12.,2000,Karlovarský kraj,Vysoká Pec,256
Vysoká Pec,Vysoká Pec,Population as at 31. 12.,2000,Ústecký kraj,Vysoká Pec,761
Vřesová,Vřesová,Population as at 31. 12.,2022,Karlovarský kraj,Vřesová,424
Vřesová,Vřesová,Population as at 31. 12.,2021,Karlovarský kraj,Vřesová,409
Vřesová,Vřesová,Population as at 31. 12.,2020,Karlovarský kraj,Vřesová,395
Vřesová,Vřesová,Population as at 31. 12.,2019,Karlovarský kraj,Vřesová,385
Vřesová,Vřesová,Population as at 31. 12.,2018,Karlovarský kraj,Vřesová,383
Vřesová,Vřesová,Population as at 31. 12.,2017,Karlovarský kraj,Vřesová,386
Vřesová,Vřesová,Population as at 31. 12.,2016,Karlovarský kraj,Vřesová,380
Vřesová,Vřesová,Population as at 31. 12.,2015,Karlovarský kraj,Vřesová,386
Vřesová,Vřesová,Population as at 31. 12.,2014,Karlovarský kraj,Vřesová,388
Vřesová,Vřesová,Population as at 31. 12.,2013,Karlovarský kraj,Vřesová,419
Vřesová,Vřesová,Population as at 31. 12.,2012,Karlovarský kraj,Vřesová,403
Vřesová,Vřesová,Population as at 31. 12.,2011,Karlovarský kraj,Vřesová,410
Vřesová,Vřesová,Population as at 31. 12.,2010,Karlovarský kraj,Vřesová,530
Vřesová,Vřesová,Population as at 31. 12.,2009,Karlovarský kraj,Vřesová,515
Vřesová,Vřesová,Population as at 31. 12.,2008,Karlovarský kraj,Vřesová,509
Vřesová,Vřesová,Population as at 31. 12.,2007,Karlovarský kraj,Vřesová,516
Vřesová,Vřesová,Population as at 31. 12.,2006,Karlovarský kraj,Vřesová,524
Vřesová,Vřesová,Population as at 31. 12.,2005,Karlovarský kraj,Vřesová,494
Vřesová,Vřesová,Population as at 31. 12.,2004,Karlovarský kraj,Vřesová,494
Vřesová,Vřesová,Population as at 31. 12.,2003,Karlovarský kraj,Vřesová,504
Vřesová,Vřesová,Population as at 31. 12.,2002,Karlovarský kraj,Vřesová,430
Vřesová,Vřesová,Population as at 31. 12.,2001,Karlovarský kraj,Vřesová,264
Vřesová,Vřesová,Population as at 31. 12.,2000,Karlovarský kraj,Vřesová,373
Šabina,Šabina,Population as at 31. 12.,2022,Karlovarský kraj,Šabina,360
Šabina,Šabina,Population as at 31. 12.,2021,Karlovarský kraj,Šabina,345
Šabina,Šabina,Population as at 31. 12.,2020,Karlovarský kraj,Šabina,328
Šabina,Šabina,Population as at 31. 12.,2019,Karlovarský kraj,Šabina,316
Šabina,Šabina,Population as at 31. 12.,2018,Karlovarský kraj,Šabina,317
Šabina,Šabina,Population as at 31. 12.,2017,Karlovarský kraj,Šabina,297
Šabina,Šabina,Population as at 31. 12.,2016,Karlovarský kraj,Šabina,303
Šabina,Šabina,Population as at 31. 12.,2015,Karlovarský kraj,Šabina,298
Šabina,Šabina,Population as at 31. 12.,2014,Karlovarský kraj,Šabina,302
Šabina,Šabina,Population as at 31. 12.,2013,Karlovarský kraj,Šabina,310
Šabina,Šabina,Population as at 31. 12.,2012,Karlovarský kraj,Šabina,309
Šabina,Šabina,Population as at 31. 12.,2011,Karlovarský kraj,Šabina,316
Šabina,Šabina,Population as at 31. 12.,2010,Karlovarský kraj,Šabina,313
Šabina,Šabina,Population as at 31. 12.,2009,Karlovarský kraj,Šabina,313
Šabina,Šabina,Population as at 31. 12.,2008,Karlovarský kraj,Šabina,302
Šabina,Šabina,Population as at 31. 12.,2007,Karlovarský kraj,Šabina,296
Šabina,Šabina,Population as at 31. 12.,2006,Karlovarský kraj,Šabina,284
Šabina,Šabina,Population as at 31. 12.,2005,Karlovarský kraj,Šabina,272
Šabina,Šabina,Population as at 31. 12.,2004,Karlovarský kraj,Šabina,281
Šabina,Šabina,Population as at 31. 12.,2003,Karlovarský kraj,Šabina,271
Šabina,Šabina,Population as at 31. 12.,2002,Karlovarský kraj,Šabina,272
Šabina,Šabina,Population as at 31. 12.,2001,Karlovarský kraj,Šabina,279
Šabina,Šabina,Population as at 31. 12.,2000,Karlovarský kraj,Šabina,292
Šemnice,Šemnice,Population as at 31. 12.,2022,Karlovarský kraj,Šemnice,689
Šemnice,Šemnice,Population as at 31. 12.,2021,Karlovarský kraj,Šemnice,659
Šemnice,Šemnice,Population as at 31. 12.,2020,Karlovarský kraj,Šemnice,667
Šemnice,Šemnice,Population as at 31. 12.,2019,Karlovarský kraj,Šemnice,666
Šemnice,Šemnice,Population as at 31. 12.,2018,Karlovarský kraj,Šemnice,673
Šemnice,Šemnice,Population as at 31. 12.,2017,Karlovarský kraj,Šemnice,673
Šemnice,Šemnice,Population as at 31. 12.,2016,Karlovarský kraj,Šemnice,670
Šemnice,Šemnice,Population as at 31. 12.,2015,Karlovarský kraj,Šemnice,643
Šemnice,Šemnice,Population as at 31. 12.,2014,Karlovarský kraj,Šemnice,636
Šemnice,Šemnice,Population as at 31. 12.,2013,Karlovarský kraj,Šemnice,597
Šemnice,Šemnice,Population as at 31. 12.,2012,Karlovarský kraj,Šemnice,598
Šemnice,Šemnice,Population as at 31. 12.,2011,Karlovarský kraj,Šemnice,596
Šemnice,Šemnice,Population as at 31. 12.,2010,Karlovarský kraj,Šemnice,594
Šemnice,Šemnice,Population as at 31. 12.,2009,Karlovarský kraj,Šemnice,583
Šemnice,Šemnice,Population as at 31. 12.,2008,Karlovarský kraj,Šemnice,569
Šemnice,Šemnice,Population as at 31. 12.,2007,Karlovarský kraj,Šemnice,542
Šemnice,Šemnice,Population as at 31. 12.,2006,Karlovarský kraj,Šemnice,521
Šemnice,Šemnice,Population as at 31. 12.,2005,Karlovarský kraj,Šemnice,516
Šemnice,Šemnice,Population as at 31. 12.,2004,Karlovarský kraj,Šemnice,508
Šemnice,Šemnice,Population as at 31. 12.,2003,Karlovarský kraj,Šemnice,513
Šemnice,Šemnice,Population as at 31. 12.,2002,Karlovarský kraj,Šemnice,515
Šemnice,Šemnice,Population as at 31. 12.,2001,Karlovarský kraj,Šemnice,496
Šemnice,Šemnice,Population as at 31. 12.,2000,Karlovarský kraj,Šemnice,458
Šindelová,Šindelová,Population as at 31. 12.,2022,Karlovarský kraj,Šindelová,311
Šindelová,Šindelová,Population as at 31. 12.,2021,Karlovarský kraj,Šindelová,308
Šindelová,Šindelová,Population as at 31. 12.,2020,Karlovarský kraj,Šindelová,310
Šindelová,Šindelová,Population as at 31. 12.,2019,Karlovarský kraj,Šindelová,303
Šindelová,Šindelová,Population as at 31. 12.,2018,Karlovarský kraj,Šindelová,302
Šindelová,Šindelová,Population as at 31. 12.,2017,Karlovarský kraj,Šindelová,302
Šindelová,Šindelová,Population as at 31. 12.,2016,Karlovarský kraj,Šindelová,305
Šindelová,Šindelová,Population as at 31. 12.,2015,Karlovarský kraj,Šindelová,294
Šindelová,Šindelová,Population as at 31. 12.,2014,Karlovarský kraj,Šindelová,292
Šindelová,Šindelová,Population as at 31. 12.,2013,Karlovarský kraj,Šindelová,292
Šindelová,Šindelová,Population as at 31. 12.,2012,Karlovarský kraj,Šindelová,285
Šindelová,Šindelová,Population as at 31. 12.,2011,Karlovarský kraj,Šindelová,281
Šindelová,Šindelová,Population as at 31. 12.,2010,Karlovarský kraj,Šindelová,277
Šindelová,Šindelová,Population as at 31. 12.,2009,Karlovarský kraj,Šindelová,269
Šindelová,Šindelová,Population as at 31. 12.,2008,Karlovarský kraj,Šindelová,261
Šindelová,Šindelová,Population as at 31. 12.,2007,Karlovarský kraj,Šindelová,262
Šindelová,Šindelová,Population as at 31. 12.,2006,Karlovarský kraj,Šindelová,265
Šindelová,Šindelová,Population as at 31. 12.,2005,Karlovarský kraj,Šindelová,261
Šindelová,Šindelová,Population as at 31. 12.,2004,Karlovarský kraj,Šindelová,264
Šindelová,Šindelová,Population as at 31. 12.,2003,Karlovarský kraj,Šindelová,266
Šindelová,Šindelová,Population as at 31. 12.,2002,Karlovarský kraj,Šindelová,268
Šindelová,Šindelová,Population as at 31. 12.,2001,Karlovarský kraj,Šindelová,260
Šindelová,Šindelová,Population as at 31. 12.,2000,Karlovarský kraj,Šindelová,246
